order_id,customer_id,order_status,order_purchase_timestamp,order_approved_at,order_delivered_carrier_date,order_delivered_customer_date,order_estimated_delivery_date,order_item_id,product_id,seller_id,shipping_limit_date,price,freight_value,customer_unique_id,customer_state,customer_city,product_category_name_english,product_weight_g,product_length_cm,product_height_cm,product_width_cm,seller_zip_code_prefix,seller_city,seller_state,payment_value,payment_installments,payment_type,review_score,revenue,total_cost,delivery_days,estimated_days,is_late,days_early_late,purchase_year,purchase_month,purchase_month_name,purchase_quarter,purchase_day_of_week,purchase_year_month,month_order,day_of_week_name,day_of_week_order
e481f51cbdc54678b7cc49136f2d6af7,9ef432eb6251297304e76186b10a928d,delivered,2017-10-02 10:56:33,2017-10-02 11:07:15,2017-10-04 19:55:00,2017-10-10 21:25:13,2017-10-18,1,87285b34884572647811a353c7ac498a,3504c0cb71d7fa48d967e0e4c94d59d9,2017-10-06 11:07:15,29.99,8.72,7c396fd4830fd04220f754e42b4e5bff,SP,sao paulo,housewares,500.0,19.0,8.0,13.0,9350,maua,SP,38.71,1.0,voucher,4.0,29.99,38.71,8.0,15,0,7.0,2017,10,Oct,4,0,2017-10,10,Monday,0
53cdb2fc8bc7dce0b6741e2150273451,b0830fb4747a6c6d20dea0b8c802d7ef,delivered,2018-07-24 20:41:37,2018-07-26 03:24:27,2018-07-26 14:31:00,2018-08-07 15:27:45,2018-08-13,1,595fac2a385ac33a80bd5114aec74eb8,289cdb325fb7e7f891c38608bf9e0962,2018-07-30 03:24:27,118.7,22.76,af07308b275d755c9edb36a90c618231,BA,barreiras,perfumery,400.0,19.0,13.0,19.0,31570,belo horizonte,SP,141.46,1.0,boleto,4.0,118.7,141.46,13.0,19,0,6.0,2018,7,Jul,3,1,2018-07,7,Tuesday,1
47770eb9100c2d0c44946d9cf07ec65d,41ce2a54c0b03bf3443c3d931a367089,delivered,2018-08-08 08:38:49,2018-08-08 08:55:23,2018-08-08 13:50:00,2018-08-17 18:06:29,2018-09-04,1,aa4383b373c6aca5d8797843e5594415,4869f7a5dfa277a7dca6462dcf3b52b2,2018-08-13 08:55:23,159.9,19.22,3a653a41f6f9fc3d2a113cf8398680e8,GO,vianopolis,auto,420.0,24.0,19.0,21.0,14840,guariba,SP,179.12,3.0,credit_card,5.0,159.9,179.12,9.0,26,0,17.0,2018,8,Aug,3,2,2018-08,8,Wednesday,2
949d5b44dbf5de918fe9c16f97b45f8a,f88197465ea7920adcdbec7375364d82,delivered,2017-11-18 19:28:06,2017-11-18 19:45:59,2017-11-22 13:39:59,2017-12-02 00:28:42,2017-12-15,1,d0b61bfb1de832b15ba9d266ca96e5b0,66922902710d126a0e7d26b0e3805106,2017-11-23 19:45:59,45.0,27.2,7c142cf63193a1473d2e66489a9ae977,RN,sao goncalo do amarante,pet_shop,450.0,30.0,10.0,20.0,31842,belo horizonte,MG,72.2,1.0,credit_card,5.0,45.0,72.2,13.0,26,0,13.0,2017,11,Nov,4,5,2017-11,11,Saturday,5
ad21c59c0840e6cb83a9ceb5573f8159,8ab97904e6daea8866dbdbc4fb7aad2c,delivered,2018-02-13 21:18:39,2018-02-13 22:20:29,2018-02-14 19:46:34,2018-02-16 18:17:02,2018-02-26,1,65266b2da20d04dbe00c5c2d3bb7859e,2c9e548be18521d1c43cde1c582c6de8,2018-02-19 20:31:37,19.9,8.72,72632f0f9dd73dfee390c9b22eb56dd6,SP,santo andre,stationery,250.0,51.0,15.0,15.0,8752,mogi das cruzes,SP,28.62,1.0,credit_card,5.0,19.9,28.62,2.0,12,0,10.0,2018,2,Feb,1,1,2018-02,2,Tuesday,1
a4591c265e18cb1dcee52889e2d8acc3,503740e9ca751ccdda7ba28e9ab8f608,delivered,2017-07-09 21:57:05,2017-07-09 22:10:13,2017-07-11 14:58:04,2017-07-26 10:57:55,2017-08-01,1,060cb19345d90064d1015407193c233d,8581055ce74af1daba164fdbd55a40de,2017-07-13 22:10:13,147.9,27.36,80bb27c7c16e8f973207a5086ab329e2,PR,congonhinhas,auto,7150.0,65.0,10.0,65.0,7112,guarulhos,SP,175.26,6.0,credit_card,4.0,147.9,175.26,16.0,22,0,6.0,2017,7,Jul,3,6,2017-07,7,Sunday,6
6514b8ad8028c9f2cc2374ded245783f,9bdf08b4b3b52b5526ff42d37d47f222,delivered,2017-05-16 13:10:30,2017-05-16 13:22:11,2017-05-22 10:07:46,2017-05-26 12:55:51,2017-06-07,1,4520766ec412348b8d4caa5e8a18c464,16090f2ca825584b5a147ab24aa30c86,2017-05-22 13:22:11,59.99,15.17,932afa1e708222e5821dac9cd5db4cae,RJ,nilopolis,auto,50.0,16.0,16.0,17.0,12940,atibaia,SP,75.16,3.0,credit_card,5.0,59.99,75.16,9.0,21,0,12.0,2017,5,May,2,1,2017-05,5,Tuesday,1
76c6e866289321a7c93b82b54852dc33,f54a9f0e6b351c431402b8461ea51999,delivered,2017-01-23 18:29:09,2017-01-25 02:50:47,2017-01-26 14:16:31,2017-02-02 14:08:10,2017-03-06,1,ac1789e492dcd698c5c10b97a671243a,63b9ae557efed31d1f7687917d248a8d,2017-01-27 18:29:09,19.9,16.05,39382392765b6dc74812866ee5ee92a7,RS,faxinalzinho,furniture_decor,300.0,35.0,35.0,15.0,13720,sao jose do rio pardo,SP,35.95,1.0,boleto,1.0,19.9,35.95,9.0,41,0,32.0,2017,1,Jan,1,0,2017-01,1,Monday,0
e69bfb5eb88e0ed6a785585b27e16dbf,31ad1d1b63eb9962463f764d4e6e0c9d,delivered,2017-07-29 11:55:02,2017-07-29 12:05:32,2017-08-10 19:45:24,2017-08-16 17:14:30,2017-08-23,1,9a78fb9862b10749a117f7fc3c31f051,7c67e1448b00f6e969d365cea6b010ab,2017-08-11 12:05:32,149.99,19.77,299905e3934e9e181bfb2e164dd4b4f8,SP,sorocaba,office_furniture,9750.0,42.0,41.0,42.0,8577,itaquaquecetuba,SP,169.76,1.0,credit_card,5.0,149.99,169.76000000000002,18.0,24,0,6.0,2017,7,Jul,3,5,2017-07,7,Saturday,5
e6ce16cb79ec1d90b1da9085a6118aeb,494dded5b201313c64ed7f100595b95c,delivered,2017-05-16 19:41:10,2017-05-16 19:50:18,2017-05-18 11:40:40,2017-05-29 11:18:31,2017-06-07,1,08574b074924071f4e201e151b152b4e,001cca7ae9ae17fb1caed9dfb1094831,2017-05-22 19:50:18,99.0,30.53,f2a85dec752b8517b5e58a06ff3cd937,RJ,rio de janeiro,garden_tools,9000.0,42.0,12.0,39.0,29156,cariacica,ES,259.06,1.0,credit_card,1.0,99.0,129.53,12.0,21,0,9.0,2017,5,May,2,1,2017-05,5,Tuesday,1
e6ce16cb79ec1d90b1da9085a6118aeb,494dded5b201313c64ed7f100595b95c,delivered,2017-05-16 19:41:10,2017-05-16 19:50:18,2017-05-18 11:40:40,2017-05-29 11:18:31,2017-06-07,2,08574b074924071f4e201e151b152b4e,001cca7ae9ae17fb1caed9dfb1094831,2017-05-22 19:50:18,99.0,30.53,f2a85dec752b8517b5e58a06ff3cd937,RJ,rio de janeiro,garden_tools,9000.0,42.0,12.0,39.0,29156,cariacica,ES,259.06,1.0,credit_card,1.0,99.0,129.53,12.0,21,0,9.0,2017,5,May,2,1,2017-05,5,Tuesday,1
34513ce0c4fab462a55830c0989c7edb,7711cf624183d843aafe81855097bc37,delivered,2017-07-13 19:58:11,2017-07-13 20:10:08,2017-07-14 18:43:29,2017-07-19 14:04:48,2017-08-08,1,f7e0fa615b386bc9a8b9eb52bc1fff76,87142160b41353c4e5fca2360caf6f92,2017-07-19 20:10:08,98.0,16.13,782987b81c92239d922aa49d6bd4200b,SP,sao paulo,computers_accessories,325.0,21.0,21.0,21.0,90230,porto alegre,RS,114.13,1.0,credit_card,4.0,98.0,114.13,5.0,25,0,20.0,2017,7,Jul,3,3,2017-07,7,Thursday,3
82566a660a982b15fb86e904c8d32918,d3e3b74c766bc6214e0c830b17ee2341,delivered,2018-06-07 10:06:19,2018-06-09 03:13:12,2018-06-11 13:29:00,2018-06-19 12:05:52,2018-07-18,1,72a97c271b2e429974398f46b93ae530,094ced053e257ae8cae57205592d6712,2018-06-18 03:13:12,31.9,18.23,e97109680b052ee858d93a539597bba7,MG,ouro preto,perfumery,450.0,16.0,17.0,16.0,14095,ribeirao preto,SP,50.13,1.0,boleto,5.0,31.9,50.13,12.0,40,0,28.0,2018,6,Jun,2,3,2018-06,6,Thursday,3
5ff96c15d0b717ac6ad1f3d77225a350,19402a48fe860416adf93348aba37740,delivered,2018-07-25 17:44:10,2018-07-25 17:55:14,2018-07-26 13:16:00,2018-07-30 15:52:25,2018-08-08,1,10adb53d8faa890ca7c2f0cbcb68d777,1900267e848ceeba8fa32d80c1a5f5a8,2018-07-27 17:55:14,19.9,12.8,e2dfa3127fedbbca9707b36304996dab,SP,sao paulo,bed_bath_table,200.0,16.0,10.0,16.0,14940,ibitinga,SP,32.7,3.0,credit_card,5.0,19.9,32.7,4.0,13,0,9.0,2018,7,Jul,3,2,2018-07,7,Wednesday,2
432aaf21d85167c2c86ec9448c4e42cc,3df704f53d3f1d4818840b34ec672a9f,delivered,2018-03-01 14:14:28,2018-03-01 15:10:47,2018-03-02 21:09:20,2018-03-12 23:36:26,2018-03-21,1,72d3bf1d3a790f8874096fcf860e3eff,0bae85eb84b9fb3bd773911e89288d54,2018-03-07 15:10:47,38.25,16.11,04cf8185c71090d28baa4407b2e6d600,SP,sao paulo,toys,583.0,20.0,21.0,20.0,88301,itajai,SP,54.36,1.0,credit_card,4.0,38.25,54.36,11.0,19,0,8.0,2018,3,Mar,1,3,2018-03,3,Thursday,3
dcb36b511fcac050b97cd5c05de84dc3,3b6828a50ffe546942b7a473d70ac0fc,delivered,2018-06-07 19:03:12,2018-06-12 23:31:02,2018-06-11 14:54:00,2018-06-21 15:34:32,2018-07-04,1,009c09f439988bc06a93d6b8186dce73,89a51f50b8095ea78d5768f34c13a76f,2018-06-18 18:59:02,132.4,14.05,ccafc1c3f270410521c3c6f3b249870f,GO,goiania,perfumery,150.0,20.0,20.0,20.0,71931,brasilia,DF,146.45,10.0,credit_card,5.0,132.4,146.45000000000002,13.0,26,0,13.0,2018,6,Jun,2,3,2018-06,6,Thursday,3
403b97836b0c04a622354cf531062e5f,738b086814c6fcc74b8cc583f8516ee3,delivered,2018-01-02 19:00:43,2018-01-02 19:09:04,2018-01-03 18:19:09,2018-01-20 01:38:59,2018-02-06,1,638bbb2a5e4f360b71f332ddfebfd672,c4af86330efa7a2620772227d2d670c9,2018-01-12 19:09:04,1299.0,77.45,6e26bbeaa107ec34112c64e1ee31c0f5,RJ,rio de janeiro,construction_tools_construction,20850.0,100.0,25.0,50.0,8840,mogi das cruzes,SP,1376.45,10.0,credit_card,,1299.0,1376.45,17.0,34,0,17.0,2018,1,Jan,1,1,2018-01,1,Tuesday,1
116f0b09343b49556bbad5f35bee0cdf,3187789bec990987628d7a9beb4dd6ac,delivered,2017-12-26 23:41:31,2017-12-26 23:50:22,2017-12-28 18:33:05,2018-01-08 22:36:36,2018-01-29,1,a47295965bd091207681b541b26e40a5,ea8482cd71df3c1969d7b9473ff13abc,2018-01-02 23:50:22,27.99,15.1,6087cfc70fd833cf2db637a5e6e9d76b,SC,imbituba,telephony,300.0,17.0,4.0,12.0,4160,sao paulo,SP,43.09,4.0,credit_card,5.0,27.99,43.09,12.0,33,0,21.0,2017,12,Dec,4,1,2017-12,12,Tuesday,1
85ce859fd6dc634de8d2f1e290444043,059f7fc5719c7da6cbafe370971a8d70,delivered,2017-11-21 00:03:41,2017-11-21 00:14:22,2017-11-23 21:32:26,2017-11-27 18:28:00,2017-12-11,1,cce679660c66e6fbd5c8091dfd29e9cd,d2374cbcbb3ca4ab1086534108cc3ab7,2017-11-29 00:14:22,17.9,11.85,d0ff1a7468fcc46b8fc658ab35d2a12c,SP,hortolandia,bed_bath_table,250.0,40.0,4.0,30.0,14940,ibitinga,SP,29.75,1.0,credit_card,5.0,17.9,29.75,6.0,19,0,13.0,2017,11,Nov,4,1,2017-11,11,Tuesday,1
83018ec114eee8641c97e08f7b4e926f,7f8c8b9c2ae27bf3300f670c3d478be8,delivered,2017-10-26 15:54:26,2017-10-26 16:08:14,2017-10-26 21:46:53,2017-11-08 22:22:00,2017-11-23,1,c35498fbb4358837ae16850f50c3fd22,70a12e78e608ac31179aea7f8422044b,2017-11-01 16:07:35,76.0,16.97,634f09f6075fe9032e6c19609ffe995a,BA,feira de santana,telephony,325.0,19.0,8.0,22.0,12327,jacarei,SP,92.97,1.0,voucher,4.0,76.0,92.97,13.0,27,0,14.0,2017,10,Oct,4,3,2017-10,10,Thursday,3
203096f03d82e0dffbc41ebc2e2bcfb7,d2b091571da224a1b36412c18bc3bbfe,delivered,2017-09-18 14:31:30,2017-09-19 04:04:09,2017-10-06 17:50:03,2017-10-09 22:23:46,2017-09-28,1,5ac9d9e379c606e36a8094a6046f75dc,633ecdf879b94b5337cca303328e4a25,2017-09-25 04:04:09,109.9,8.96,d699688533772c15a061e8ce81cb56df,SP,sao paulo,health_beauty,525.0,21.0,16.0,13.0,4438,sao paulo,SP,118.86,1.0,boleto,2.0,109.9,118.86,21.0,9,1,-12.0,2017,9,Sep,3,0,2017-09,9,Monday,0
f848643eec1d69395095eb3840d2051e,4fa1cd166fa598be6de80fa84eaade43,delivered,2018-03-15 08:52:40,2018-03-15 09:09:31,2018-03-15 19:52:48,2018-03-19 18:08:32,2018-03-29,1,2b4609f8948be18874494203496bc318,cc419e0650a3c5ba77189a1882b7556a,2018-03-23 09:09:31,79.99,8.91,68954feaafe4dd638f3bd3e2afa174ec,SP,sao paulo,health_beauty,250.0,22.0,10.0,18.0,9015,santo andre,SP,88.9,4.0,credit_card,5.0,79.99,88.89999999999999,4.0,13,0,9.0,2018,3,Mar,1,3,2018-03,3,Thursday,3
2807d0e504d6d4894d41672727bc139f,72ae281627a6102d9b3718528b420f8a,delivered,2018-02-03 20:37:35,2018-02-03 20:50:22,2018-02-05 22:37:28,2018-02-08 16:13:46,2018-02-21,1,6893767814d1ac82a81bcd365e1cc918,8b321bb669392f5163d04c59e235e066,2018-02-08 20:50:22,9.5,7.78,b8df986511d928829c3192c2ed081eba,SP,sao paulo,electronics,200.0,25.0,7.0,16.0,1212,sao paulo,SP,17.28,1.0,credit_card,3.0,9.5,17.28,4.0,17,0,13.0,2018,2,Feb,1,5,2018-02,2,Saturday,5
95266dbfb7e20354baba07964dac78d5,a166da34890074091a942054b36e4265,delivered,2018-01-08 07:55:29,2018-01-08 08:07:31,2018-01-24 23:16:37,2018-01-26 17:32:38,2018-02-21,1,bb7181410b4e02f93f3697f765db53c7,855668e0971d4dfd7bef1b6a4133b41b,2018-01-26 08:07:31,129.99,57.58,451e48381edab7f1f6dbfa6d728616ff,SC,blumenau,baby,14950.0,77.0,20.0,53.0,13257,itatiba,SP,187.57,3.0,credit_card,4.0,129.99,187.57,18.0,43,0,25.0,2018,1,Jan,1,0,2018-01,1,Monday,0
f3e7c359154d965827355f39d6b1fdac,62b423aab58096ca514ba6aa06be2f98,delivered,2018-08-09 11:44:40,2018-08-10 03:24:51,2018-08-10 12:29:00,2018-08-13 18:24:27,2018-08-17,1,e99d69efe684efaa643f99805f7c81bc,55c26bcb609f480eb7868594245febb5,2018-08-14 03:24:51,89.9,14.21,9c9242ad7f1b52d926ea76778e1c0c57,SP,sorocaba,stationery,600.0,33.0,13.0,25.0,14910,tabatinga,SP,104.11,1.0,boleto,5.0,89.9,104.11,4.0,7,0,3.0,2018,8,Aug,3,3,2018-08,8,Thursday,3
fbf9ac61453ac646ce8ad9783d7d0af6,3a874b4d4c4b6543206ff5d89287f0c3,delivered,2018-02-20 23:46:53,2018-02-22 02:30:46,2018-02-26 22:25:22,2018-03-21 22:03:54,2018-03-12,1,7b717060aa783eb7f23a747a3a733dd7,c0563dd588b775f2e37747ef6ad6c92c,2018-02-28 02:30:44,109.9,15.53,a25d5f94840d3c6a1a49f271ed83f4ec,RJ,rio de janeiro,cool_stuff,500.0,16.0,12.0,22.0,9220,santo andre,SP,125.43,1.0,boleto,2.0,109.9,125.43,28.0,19,1,-9.0,2018,2,Feb,1,1,2018-02,2,Tuesday,1
acce194856392f074dbf9dada14d8d82,7e20bf5ca92da68200643bda76c504c6,delivered,2018-06-04 00:00:13,2018-06-05 00:35:10,2018-06-05 13:24:00,2018-06-16 15:20:55,2018-07-18,1,d70f38e7f79c630f8ea00c993897042c,977f9f63dd360c2a32ece2f93ad6d306,2018-06-13 00:35:10,90.9,48.64,576ea0cab426cd8a00fad9a9c90a4494,BA,salvador,baby,10950.0,41.0,40.0,40.0,14910,tabatinga,SP,227.68,10.0,credit_card,1.0,90.9,139.54000000000002,12.0,43,0,31.0,2018,6,Jun,2,0,2018-06,6,Monday,0
acce194856392f074dbf9dada14d8d82,7e20bf5ca92da68200643bda76c504c6,delivered,2018-06-04 00:00:13,2018-06-05 00:35:10,2018-06-05 13:24:00,2018-06-16 15:20:55,2018-07-18,2,9451e630d725c4bb7a5a206b48b99486,d673a59aac7a70d8b01e6902bf090a11,2018-06-13 00:35:10,39.5,48.64,576ea0cab426cd8a00fad9a9c90a4494,BA,salvador,baby,350.0,31.0,10.0,12.0,14940,ibitinga,SP,227.68,10.0,credit_card,1.0,39.5,88.14,12.0,43,0,31.0,2018,6,Jun,2,0,2018-06,6,Monday,0
dd78f560c270f1909639c11b925620ea,8b212b9525f9e74e85e37ed6df37693e,delivered,2018-03-12 01:50:26,2018-03-12 03:28:34,2018-03-12 21:06:37,2018-03-21 14:41:50,2018-03-28,1,00baba5b58e274d0332a0c8a0a66f877,d3f39f05462b79a4562d35893a28f159,2018-03-16 02:30:56,47.9,12.79,f4a7ef6bd931f83d75d83b71c94e90df,SP,sao carlos,perfumery,200.0,18.0,7.0,12.0,13730,mococa,SP,60.69,2.0,credit_card,5.0,47.9,60.69,9.0,15,0,6.0,2018,3,Mar,1,0,2018-03,3,Monday,0
91b2a010e1e45e6ba3d133fa997597be,cce89a605105b148387c52e286ac8335,delivered,2018-05-02 11:45:38,2018-05-03 12:55:01,2018-05-10 16:16:00,2018-05-16 20:56:24,2018-05-23,1,ba74c6b75d2ad7503175809688d5a03c,7d13fca15225358621be4086e1eb0964,2018-05-09 12:55:01,178.99,13.69,bd13608b9c6033892ce62269b50a0afc,SP,santo andre,watches_gifts,292.0,17.0,8.0,12.0,14050,ribeirao preto,SP,192.68,8.0,credit_card,4.0,178.99,192.68,14.0,20,0,6.0,2018,5,May,2,2,2018-05,5,Wednesday,2
ecab90c9933c58908d3d6add7c6f5ae3,761df82feda9778854c6dafdaeb567e4,delivered,2018-02-25 13:50:30,2018-02-25 14:47:35,2018-02-26 22:28:50,2018-03-27 23:29:14,2018-04-13,1,c0db539123a403f670c50237d970b215,f7720c4fa8e3aba4546301ab80ea1f1b,2018-03-01 14:28:03,30.1,33.24,1428917cd397d4f9ac0fde76dd6f2266,RR,boa vista,garden_tools,850.0,20.0,20.0,20.0,81350,curitiba,PR,63.34,3.0,credit_card,4.0,30.1,63.34,30.0,46,0,16.0,2018,2,Feb,1,6,2018-02,2,Sunday,6
f70a0aff17df5a6cdd9a7196128bd354,456dc10730fbdba34615447ea195d643,delivered,2017-08-10 11:58:33,2017-08-12 02:45:24,2017-08-17 15:35:07,2017-08-18 14:28:02,2017-08-23,1,cafd558df4c3c9d1c338ba6930ea9a62,5dceca129747e92ff8ef7a997dc4f8ca,2017-08-17 02:45:24,279.0,34.19,1974875b4a1d2e2ee6d586e3ba4d7602,SP,sao paulo,baby,16450.0,44.0,70.0,32.0,13450,santa barbara d´oeste,SP,313.19,1.0,boleto,2.0,279.0,313.19,8.0,12,0,4.0,2017,8,Aug,3,3,2017-08,8,Thursday,3
1790eea0b567cf50911c057cf20f90f9,52142aa69d8d0e1247ab0cada0f76023,delivered,2018-04-16 21:15:39,2018-04-16 22:10:26,2018-04-18 13:05:09,2018-05-05 12:28:34,2018-05-15,1,2d8f2be4f08788ee3bf5356af2b2ee6c,d91fb3b7d041e83b64a00a3edfb37e4f,2018-04-22 22:10:26,186.9,38.0,a6fefcd9f434474cf6fcd8ed1102fd63,PE,palmares,air_conditioning,100.0,27.0,13.0,17.0,11704,praia grande,SP,224.9,4.0,credit_card,1.0,186.9,224.9,18.0,28,0,10.0,2018,4,Apr,2,0,2018-04,4,Monday,0
989225ba6d0ebd5873335f7e01de2ae7,816f8653d5361cbf94e58c33f2502a5c,delivered,2017-12-12 13:56:04,2017-12-14 13:54:13,2017-12-16 00:18:57,2018-01-03 18:03:36,2018-01-08,1,6b64362e89896be7589621df54be089e,77530e9772f57a62c906e1c21538ab82,2017-12-20 13:54:13,49.0,14.1,37363700139c1aef873bbcd916e57dfd,SP,sao paulo,furniture_decor,3000.0,69.0,11.0,11.0,80310,curitiba,PR,63.1,1.0,credit_card,4.0,49.0,63.1,22.0,26,0,4.0,2017,12,Dec,4,1,2017-12,12,Tuesday,1
d887b52c6516beb39e8cd44a5f8b60f7,d9ef95f98d8da3b492bb8c0447910498,delivered,2018-02-03 12:38:58,2018-02-03 12:50:30,2018-02-05 21:26:53,2018-02-22 00:07:55,2018-03-07,1,39a9942865c056ed2006a5e8c11d9537,ba5daa4041e1f15cdf34b76e3e18a450,2018-02-08 12:50:30,84.9,15.35,a2649503b92028291f011a976619b322,RJ,mesquita,toys,800.0,37.0,14.0,37.0,4363,sao paulo,SP,100.25,1.0,credit_card,5.0,84.9,100.25,18.0,31,0,13.0,2018,2,Feb,1,5,2018-02,2,Saturday,5
b276e4f8c0fb86bd82fce576f21713e0,cf8ffeddf027932e51e4eae73b384059,delivered,2018-07-29 23:34:51,2018-07-29 23:45:15,2018-07-30 14:43:00,2018-07-31 22:48:50,2018-08-06,1,c6c1f263e076bd9c1f1640250a5d0c29,fe2032dab1a61af8794248c8196565c9,2018-08-02 23:45:15,179.0,9.41,6cbe8a392b76916e84c2faf69d0d0da0,SP,santa barbara d'oeste,perfumery,425.0,24.0,12.0,16.0,13030,campinas,SP,188.41,2.0,credit_card,5.0,179.0,188.41,1.0,7,0,6.0,2018,7,Jul,3,6,2018-07,7,Sunday,6
8563039e855156e48fccee4d611a3196,5f16605299d698660e0606f7eae2d2f9,delivered,2018-02-17 15:59:46,2018-02-17 16:15:34,2018-02-20 23:03:56,2018-03-20 00:59:25,2018-03-20,1,bff2010b28e8fbcff5a9db9d3fea5ac4,955fee9216a65b617aa5c0531780ce60,2018-02-22 15:15:34,78.0,28.95,92fd8aa5948e20c43a014c44c025c5e1,TO,alvorada,garden_tools,850.0,90.0,20.0,20.0,4782,sao paulo,SP,106.95,4.0,credit_card,5.0,78.0,106.95,30.0,30,1,0.0,2018,2,Feb,1,5,2018-02,2,Saturday,5
60550084e6b4c0cb89a87df1f3e5ebd9,f5458ddc3545711efa883dd7ae7c4497,delivered,2018-02-21 18:15:12,2018-02-23 02:10:52,2018-02-27 18:52:09,2018-03-13 23:58:43,2018-03-29,1,9b37a918bcf2c8e1064e867cf1df4637,f27e33c6d29b5138fa9967bcd445b6d5,2018-03-01 02:10:52,39.9,26.89,661a5e18a28b34880ccc60112f2b8e8e,CE,ibiapina,electronics,1207.0,20.0,10.0,20.0,4273,sao paulo,SP,66.79,1.0,boleto,4.0,39.9,66.78999999999999,20.0,35,0,15.0,2018,2,Feb,1,2,2018-02,2,Wednesday,2
5acce57f8d9dfd55fa48e212a641a69d,295ae9b35379e077273387ff64354b6f,delivered,2017-07-31 21:37:10,2017-08-02 02:56:02,2017-08-03 18:32:48,2017-08-08 21:24:41,2017-08-22,1,0cd9f302c8a5b076ffa5c3567c6705fd,85d9eb9ddc5d00ca9336a2219c97bb13,2017-08-08 02:56:02,27.9,15.1,f1f4f45c8602d0db1329eed1c8e935d4,SP,quata,computers_accessories,200.0,36.0,2.0,28.0,31255,belo horizonte,MG,43.0,1.0,boleto,5.0,27.9,43.0,7.0,21,0,14.0,2017,7,Jul,3,0,2017-07,7,Monday,0
434d158e96bdd6972ad6e6d73ddcfd22,2a1dfb647f32f4390e7b857c67458536,delivered,2018-06-01 12:23:13,2018-06-05 03:35:15,2018-06-08 11:49:00,2018-06-18 21:32:52,2018-07-17,1,c7df652246ed7b3300aaf46960c141e4,a5cba26a62b8b4d0145b68b841e62e7f,2018-06-13 03:35:15,445.0,63.17,5f7d7732b351ce851a158528581af05f,PE,jaboatao dos guararapes,health_beauty,683.0,29.0,15.0,22.0,87303,campo mourao,PR,508.17,1.0,boleto,5.0,445.0,508.17,17.0,45,0,28.0,2018,6,Jun,2,4,2018-06,6,Friday,4
7206b86ea789983f7a273ea7fa0bc2a8,3391c4bc11a817e7973e498b0b023158,delivered,2018-03-26 17:12:18,2018-03-26 17:28:27,2018-03-28 17:22:53,2018-04-05 22:11:18,2018-04-12,1,9a469eaf45dfbc43d39ba1977a3c07af,d2374cbcbb3ca4ab1086534108cc3ab7,2018-03-30 17:27:57,36.9,12.79,1b542f810484d8c042aed33a7c61a218,SP,sao paulo,bed_bath_table,700.0,40.0,4.0,30.0,14940,ibitinga,SP,49.69,4.0,credit_card,3.0,36.9,49.69,10.0,16,0,6.0,2018,3,Mar,1,0,2018-03,3,Monday,0
1e7aff52cdbb2451ace09d0f848c3699,ddaff536587109b89777e0353215e150,delivered,2017-05-19 18:53:40,2017-05-19 19:05:17,2017-05-22 10:16:07,2017-05-31 13:58:46,2017-06-12,1,8c591ab0ca519558779df02023177f44,a1043bafd471dff536d0c462352beb48,2017-05-25 19:05:17,119.99,34.2,c796780c7daeab9e94cc052b1f103b21,RJ,paracambi,garden_tools,6050.0,20.0,20.0,20.0,37175,ilicinea,MG,154.19,4.0,credit_card,5.0,119.99,154.19,11.0,23,0,12.0,2017,5,May,2,4,2017-05,5,Friday,4
6ea2f835b4556291ffdc53fa0b3b95e8,c7340080e394356141681bd4c9b8fe31,delivered,2017-11-24 21:27:48,2017-11-25 00:21:09,2017-12-13 21:14:05,2017-12-28 18:59:23,2017-12-21,1,be021417a6acb56b9b50d3fd2714baa8,f5f46307a4d15880ca14fab4ad9dfc9b,2017-11-30 00:21:09,339.0,17.12,3e4fd73f1e86b135b9b121d6abbe9597,SP,presidente venceslau,housewares,14300.0,38.0,34.0,34.0,89165,rio do sul,SC,356.12,10.0,credit_card,1.0,339.0,356.12,33.0,26,1,-7.0,2017,11,Nov,4,4,2017-11,11,Friday,4
948097deef559c742e7ce321e5e58919,8644be24d48806bc3a88fd59fb47ceb1,delivered,2017-08-04 17:10:39,2017-08-04 17:25:11,2017-08-07 17:52:01,2017-08-12 14:08:40,2017-09-01,1,cd935d283d47f1050c505e1c39c48b67,a3a38f4affed601eb87a97788c949667,2017-08-10 17:25:11,69.9,25.77,4ca5f90433afb5493247f0bafb583483,DF,brasilia,sports_leisure,281.0,30.0,14.0,25.0,89204,joinville,SC,95.67,9.0,credit_card,5.0,69.9,95.67,7.0,27,0,20.0,2017,8,Aug,3,4,2017-08,8,Friday,4
d22e9fa5731b9e30e8b27afcdc2f8563,756fb9391752dad934e0fe3733378e57,delivered,2018-08-04 23:25:30,2018-08-04 23:35:13,2018-08-06 15:03:00,2018-08-13 23:34:42,2018-09-13,1,f410090aec61f7c73748ca894286edcd,980640c45d7a4635885491d077167e4d,2018-08-07 23:35:13,99.0,22.62,394b2ce444baae9ae609f5d32000de0f,BA,luis eduardo magalhaes,stationery,450.0,35.0,50.0,12.0,13501,rio claro,SP,121.62,1.0,debit_card,4.0,99.0,121.62,9.0,39,0,30.0,2018,8,Aug,3,5,2018-08,8,Saturday,5
6ebaec694d7025e2ad4a05dba887c032,4f28355e5c17a4a42d3ce2439a1d4501,delivered,2017-05-18 13:55:47,2017-05-18 14:05:17,2017-05-19 12:01:38,2017-05-29 12:47:20,2017-06-09,1,e251ebd2858be1aa7d9b2087a6992580,001cca7ae9ae17fb1caed9dfb1094831,2017-05-24 14:05:17,139.0,14.72,4acce2834231e13b1514915adda5ec2b,RJ,rio de janeiro,garden_tools,8875.0,40.0,14.0,43.0,29156,cariacica,ES,153.72,7.0,credit_card,1.0,139.0,153.72,10.0,21,0,11.0,2017,5,May,2,3,2017-05,5,Thursday,3
d17dc4a904426827ca80f2ccb3a6be56,569cf68214806a39acc0f39344aea67f,delivered,2017-05-14 20:28:25,2017-05-14 20:42:45,2017-05-16 08:17:46,2017-05-25 09:14:31,2017-06-12,1,ba4bfbf74dbe7ab37e263b9326da0523,f8db351d8c4c4c22c6835c19a46f01b0,2017-05-18 20:42:45,36.9,17.92,c2551ea089b7ebbc67a2ea8757152514,BA,cruz das almas,sports_leisure,650.0,24.0,10.0,20.0,13324,salto,SP,54.82,1.0,credit_card,4.0,36.9,54.82,10.0,28,0,18.0,2017,5,May,2,6,2017-05,5,Sunday,6
25f4376934e13d3508486352e11a5db0,12fd2740039676063a874b9567dfa651,delivered,2018-05-17 16:59:11,2018-05-18 01:17:39,2018-05-18 13:02:00,2018-05-21 15:22:11,2018-05-25,1,aca2eb7d00ea1a7b8ebd4e68314663af,955fee9216a65b617aa5c0531780ce60,2018-05-22 01:17:39,69.9,12.43,372e0fc66eacb8698e4f9997d366d961,SP,sao jose dos campos,furniture_decor,2600.0,50.0,10.0,30.0,4782,sao paulo,SP,82.33,5.0,credit_card,5.0,69.9,82.33000000000001,3.0,7,0,4.0,2018,5,May,2,3,2018-05,5,Thursday,3
5820a1100976432c7968a52da59e9364,2b56e94c2f66f2d97cfa63356f69cee8,delivered,2018-07-29 11:24:17,2018-07-29 11:44:19,2018-07-30 13:47:00,2018-08-02 22:09:11,2018-08-13,1,1deda1acffb44ed38494667d7e49a9f3,f52c2422904463fdd7741f99045fecb6,2018-07-31 11:44:19,33.9,18.34,cc1a30280651daf2d918ed7868575771,RS,flores da cunha,sports_leisure,1150.0,27.0,12.0,17.0,9230,santo andre/sao paulo,SP,52.24,1.0,credit_card,5.0,33.9,52.24,4.0,14,0,10.0,2018,7,Jul,3,6,2018-07,7,Sunday,6
2ce1ad82022c1ba30c2079502ac725aa,7f2178c5d771e17f507d3c1637339298,delivered,2017-08-09 20:19:05,2017-08-11 04:15:29,2017-08-11 17:52:32,2017-08-16 17:16:44,2017-08-31,1,f35927953ed82e19d06ad3aac2f06353,669ae81880e08f269a64487cfb287169,2017-08-17 04:15:29,115.0,15.56,12e7a2c201751ddc979e7a45cef500f3,SP,sao paulo,books_general_interest,450.0,20.0,20.0,20.0,89160,rio do sul,SC,130.56,1.0,boleto,5.0,115.0,130.56,6.0,21,0,15.0,2017,8,Aug,3,2,2017-08,8,Wednesday,2
138849fd84dff2fb4ca70a0a34c4aa1c,9b18f3fc296990b97854e351334a32f6,delivered,2018-02-01 14:02:19,2018-02-03 02:53:07,2018-02-06 19:13:26,2018-02-14 13:41:59,2018-02-23,1,304fad8dc4d2012dc4062839972f2d96,6860153b69cc696d5dcfe1cdaaafcf62,2018-02-08 02:53:07,39.47,13.37,b2cac0b16835dabf811b204127f58afa,SP,carapicuiba,construction_tools_construction,1700.0,16.0,11.0,11.0,13360,capivari,SP,52.84,1.0,boleto,5.0,39.47,52.84,12.0,21,0,9.0,2018,2,Feb,1,3,2018-02,2,Thursday,3
47aa4816b27ba60ec948cd019cc1afc1,148348ff65384b4249b762579532e248,delivered,2018-06-26 13:42:52,2018-06-27 08:35:32,2018-06-27 13:20:00,2018-07-03 18:37:46,2018-07-20,1,1501b0033c68a37fa9560033a440e529,33cbbec1e7e1044aaf11d152172c776f,2018-06-29 03:31:40,53.44,18.47,db979bdfe0bbba29ecd3df3f6c50bea2,PR,paranavai,small_appliances,410.0,24.0,22.0,17.0,95705,bento goncalves,RS,71.91,1.0,boleto,5.0,53.44,71.91,7.0,23,0,16.0,2018,6,Jun,2,1,2018-06,6,Tuesday,1
9faeb9b2746b9d7526aef5acb08e2aa0,79183cd650e2bb0d475b0067d45946ac,delivered,2018-07-26 14:39:59,2018-07-26 14:55:10,2018-07-27 12:04:00,2018-07-31 22:26:55,2018-08-16,1,f48eb5c2fde13ca63664f0bb05f55346,f7ba60f8c3f99e7ee4042fdef03b70c4,2018-07-30 14:55:10,60.0,15.52,c77154776ead8e798c2d684205938f71,RS,porto alegre,sports_leisure,100.0,20.0,11.0,11.0,9628,sao bernardo do campo,SP,151.04,2.0,credit_card,1.0,60.0,75.52,5.0,20,0,15.0,2018,7,Jul,3,3,2018-07,7,Thursday,3
9faeb9b2746b9d7526aef5acb08e2aa0,79183cd650e2bb0d475b0067d45946ac,delivered,2018-07-26 14:39:59,2018-07-26 14:55:10,2018-07-27 12:04:00,2018-07-31 22:26:55,2018-08-16,2,f48eb5c2fde13ca63664f0bb05f55346,f7ba60f8c3f99e7ee4042fdef03b70c4,2018-07-30 14:55:10,60.0,15.52,c77154776ead8e798c2d684205938f71,RS,porto alegre,sports_leisure,100.0,20.0,11.0,11.0,9628,sao bernardo do campo,SP,151.04,2.0,credit_card,1.0,60.0,75.52,5.0,20,0,15.0,2018,7,Jul,3,3,2018-07,7,Thursday,3
641fb0752bf5b5940c376b3a8bb9dc52,f5afca14dfa9dc64251cf2b45c54c363,delivered,2017-12-15 00:06:10,2017-12-15 00:14:55,2017-12-19 01:58:00,2018-01-03 15:09:32,2018-01-16,1,60184212dae4e6b0da32bf54271a8c4a,b33e7c55446eabf8fe1a42d037ac7d6d,2017-12-21 00:14:55,369.0,17.33,38cad70d154a4dcc42b598d5c01f7ef1,RJ,duque de caxias,watches_gifts,394.0,17.0,11.0,14.0,14850,pradopolis,SP,386.33,10.0,credit_card,4.0,369.0,386.33,19.0,31,0,12.0,2017,12,Dec,4,4,2017-12,12,Friday,4
e425680f760cbc130be3e53a9773c584,f178c1827f67a8467b0385b7378d951a,delivered,2017-08-31 08:15:24,2017-08-31 08:30:17,2017-08-31 20:06:14,2017-09-04 20:59:55,2017-09-20,1,9ecadb84c81da840dbf3564378b586e9,1025f0e2d44d7041d6cf58b6550e0bfa,2017-09-08 08:30:17,38.4,11.85,9d9ab3b77f0416765b3fbedf94a942a4,SP,taubate,furniture_decor,950.0,20.0,35.0,20.0,3204,sao paulo,SP,50.25,1.0,credit_card,5.0,38.4,50.25,4.0,19,0,15.0,2017,8,Aug,3,3,2017-08,8,Thursday,3
40c5e18f7d112b59b3e5113a59a905b3,67407057a7d5ee17d1cd09523f484d13,delivered,2018-06-11 10:25:52,2018-06-11 10:58:32,2018-06-14 13:03:00,2018-06-19 00:31:13,2018-07-16,1,595fac2a385ac33a80bd5114aec74eb8,ef0ace09169ac090589d85746e3e036f,2018-06-15 10:58:32,119.9,8.78,7cfba6e55439cae3fd2479d62fafe67f,RJ,rio de janeiro,perfumery,400.0,19.0,13.0,19.0,24451,sao goncalo,RJ,128.68,3.0,credit_card,5.0,119.9,128.68,7.0,34,0,27.0,2018,6,Jun,2,0,2018-06,6,Monday,0
734e7d1bbaeb2ff82521ca0fe6fb6f79,2932d241d1f31e6df6c701d52370ae02,delivered,2018-06-11 08:18:19,2018-06-11 08:31:50,2018-06-11 14:54:00,2018-06-14 21:32:21,2018-07-05,1,278b3c6462e86b4556b99989513ddf73,d1ef48b38baca7e831711c4a0aeb398f,2018-06-13 08:31:12,29.99,13.47,f7603d34c795584792a484186233e6e5,SP,sao paulo,small_appliances,350.0,20.0,20.0,20.0,86800,apucarana,PR,43.46,1.0,credit_card,5.0,29.99,43.46,3.0,23,0,20.0,2018,6,Jun,2,0,2018-06,6,Monday,0
66e4624ae69e7dc89bd50222b59f581f,684fa6da5134b9e4dab731e00011712d,delivered,2018-03-09 14:50:15,2018-03-09 15:40:39,2018-03-15 00:31:19,2018-04-03 13:28:46,2018-04-02,1,b37b72d5a56f887725c2862184b8cab8,db4350fd57ae30082dec7acbaacc17f9,2018-03-15 15:30:45,22.99,22.85,ddf60e20e6e262e2136801ce5cd628b0,SE,aracaju,telephony,150.0,19.0,4.0,11.0,3126,sao paulo,SP,91.68,9.0,credit_card,1.0,22.99,45.84,24.0,23,1,-1.0,2018,3,Mar,1,4,2018-03,3,Friday,4
66e4624ae69e7dc89bd50222b59f581f,684fa6da5134b9e4dab731e00011712d,delivered,2018-03-09 14:50:15,2018-03-09 15:40:39,2018-03-15 00:31:19,2018-04-03 13:28:46,2018-04-02,2,b37b72d5a56f887725c2862184b8cab8,db4350fd57ae30082dec7acbaacc17f9,2018-03-15 15:30:45,22.99,22.85,ddf60e20e6e262e2136801ce5cd628b0,SE,aracaju,telephony,150.0,19.0,4.0,11.0,3126,sao paulo,SP,91.68,9.0,credit_card,1.0,22.99,45.84,24.0,23,1,-1.0,2018,3,Mar,1,4,2018-03,3,Friday,4
a685d016c8a26f71a0bb67821070e398,911e4c37f5cafe1604fe6767034bf1ae,delivered,2017-03-13 18:14:36,2017-03-13 18:14:36,2017-03-22 14:03:09,2017-04-06 13:37:16,2017-03-30,1,ebd7c847c1e1cb69ec374ae0ebee1f4c,391fc6631aebcf3004804e51b40bcf1e,2017-03-17 18:14:36,84.9,14.36,51838d41add414a0b1b989b7d251d9ee,SP,campinas,furniture_decor,1200.0,40.0,15.0,30.0,14940,ibitinga,SP,99.26,1.0,boleto,1.0,84.9,99.26,23.0,16,1,-7.0,2017,3,Mar,1,0,2017-03,3,Monday,0
2edfd6d1f0b4cd0db4bf37b1b224d855,241e78de29b3090cfa1b5d73a8130c72,delivered,2017-06-13 21:11:26,2017-06-15 03:05:45,2017-06-16 14:55:37,2017-06-19 18:51:28,2017-07-06,1,30469bb5ea377eae7121981e2f0778e4,80e6699fe29150b372a0c8a1ebf7dcc8,2017-06-21 03:05:45,113.0,28.15,c63e44efa43f3947087aee96b388d949,SP,sao paulo,sports_leisure,5950.0,20.0,30.0,80.0,83323,pinhais,PR,141.15,1.0,boleto,5.0,113.0,141.15,5.0,22,0,17.0,2017,6,Jun,2,1,2017-06,6,Tuesday,1
68873cf91053cd11e6b49a766db5af1a,4632eb5a8f175f6fe020520ae0c678f3,delivered,2017-11-30 22:02:15,2017-12-02 02:51:18,2017-12-04 22:07:01,2017-12-05 20:28:40,2017-12-18,1,15a9e834e89eab39d973492882c658d6,a673821011d0cec28146ea42f5ab767f,2017-12-07 02:51:18,79.9,11.76,6da92ae920ab16fc4eceb8fcd7bd43ce,SP,sao paulo,bed_bath_table,949.0,30.0,20.0,26.0,3809,sao paulo,SP,91.66,1.0,boleto,4.0,79.9,91.66,4.0,17,0,13.0,2017,11,Nov,4,3,2017-11,11,Thursday,3
f346ad4ee8f630e5e4ddaf862a34e6dd,dd5095632e3953fc0947b8ab5176b0be,delivered,2018-08-05 13:09:48,2018-08-05 13:24:34,2018-08-06 13:41:00,2018-08-10 18:35:40,2018-08-15,1,4ce99ff9dcb7821acd8e599d5d4a6531,70125af26c2d6d4ef401a1d02ae7701f,2018-08-07 13:24:34,39.9,13.76,da45a9a1df408c39f013b9b0b505042c,DF,brasilia,sports_leisure,450.0,35.0,10.0,11.0,74435,goiania,GO,53.66,1.0,credit_card,5.0,39.9,53.66,5.0,9,0,4.0,2018,8,Aug,3,6,2018-08,8,Sunday,6
8f06cc6465925031568537b815f1198d,9916715c2ab6ee1710c9c32f0a534ad2,delivered,2017-11-15 11:31:41,2017-11-15 11:46:42,2017-11-16 22:03:00,2017-11-22 22:41:07,2017-12-05,1,12087840651e83b48206b82c213b76fd,5b925e1d006e9476d738aa200751b73b,2017-11-21 11:46:42,299.0,18.34,bf0303939d54b8df5da4762bbaab1955,RJ,rio de janeiro,sports_leisure,1813.0,30.0,13.0,28.0,4567,sao paulo,SP,317.34,9.0,credit_card,5.0,299.0,317.34,7.0,19,0,12.0,2017,11,Nov,4,2,2017-11,11,Wednesday,2
ccbabeb0b02433bd0fcbac46e70339f2,c77ee2d8ba1614a4d489a44166894938,delivered,2018-02-19 20:31:09,2018-02-21 06:15:25,2018-02-22 21:04:23,2018-03-09 22:22:25,2018-03-13,1,89321f94e35fc6d7903d36f74e351d40,16090f2ca825584b5a147ab24aa30c86,2018-02-27 03:31:34,27.9,15.1,9c9cef121cb812cb301babddc2d8331e,MG,uberaba,food,150.0,17.0,13.0,13.0,12940,atibaia,SP,43.0,1.0,boleto,4.0,27.9,43.0,18.0,21,0,3.0,2018,2,Feb,1,0,2018-02,2,Monday,0
688052146432ef8253587b930b01a06d,81e08b08e5ed4472008030d70327c71f,delivered,2018-04-22 08:48:13,2018-04-24 18:25:22,2018-04-23 19:19:14,2018-04-24 19:31:58,2018-05-15,1,d1c427060a0f73f6b889a5c7c61f2ac4,a1043bafd471dff536d0c462352beb48,2018-04-26 09:31:11,119.0,24.97,0e764fc1a13e47e900c3d59a989753e8,MG,juiz de fora,computers_accessories,6550.0,20.0,20.0,20.0,37175,ilicinea,MG,346.09,3.0,credit_card,4.0,119.0,143.97,2.0,22,0,20.0,2018,4,Apr,2,6,2018-04,4,Sunday,6
688052146432ef8253587b930b01a06d,81e08b08e5ed4472008030d70327c71f,delivered,2018-04-22 08:48:13,2018-04-24 18:25:22,2018-04-23 19:19:14,2018-04-24 19:31:58,2018-05-15,2,db56f6d2b04c89eae4daba188842fd7b,2a84855fd20af891be03bc5924d2b453,2018-04-26 09:31:11,199.0,3.12,0e764fc1a13e47e900c3d59a989753e8,MG,juiz de fora,luggage_accessories,12450.0,40.0,25.0,57.0,30111,belo horizonte,MG,346.09,3.0,credit_card,4.0,199.0,202.12,2.0,22,0,20.0,2018,4,Apr,2,6,2018-04,4,Sunday,6
f271576bed568e896f99eb710cd3a6f8,5dda11942d4f77bee3a46d71e442aec4,delivered,2018-01-07 21:44:54,2018-01-07 21:51:28,2018-01-10 21:56:09,2018-01-17 20:26:31,2018-02-14,1,d457916b4fdc60154ed93b5dd3e6fd69,76d64c4aca3a7baf218bf93ef7fa768d,2018-01-11 21:51:28,329.9,82.48,6a0e43f0d7e1b5539e4c58a26ebe35da,BA,boninal,construction_tools_construction,10000.0,30.0,20.0,30.0,80215,curitiba,PR,824.76,4.0,credit_card,3.0,329.9,412.38,9.0,37,0,28.0,2018,1,Jan,1,6,2018-01,1,Sunday,6
f271576bed568e896f99eb710cd3a6f8,5dda11942d4f77bee3a46d71e442aec4,delivered,2018-01-07 21:44:54,2018-01-07 21:51:28,2018-01-10 21:56:09,2018-01-17 20:26:31,2018-02-14,2,d457916b4fdc60154ed93b5dd3e6fd69,76d64c4aca3a7baf218bf93ef7fa768d,2018-01-11 21:51:28,329.9,82.48,6a0e43f0d7e1b5539e4c58a26ebe35da,BA,boninal,construction_tools_construction,10000.0,30.0,20.0,30.0,80215,curitiba,PR,824.76,4.0,credit_card,3.0,329.9,412.38,9.0,37,0,28.0,2018,1,Jan,1,6,2018-01,1,Sunday,6
686541986ecfb7d9296eb67719973bf0,74805bc388861fa350ed2fade8444e0b,delivered,2018-02-10 13:26:59,2018-02-10 13:35:31,2018-02-14 20:47:38,2018-02-20 22:13:08,2018-03-12,1,3014e35fd70fce29095ced5cdc89f4ce,5656537e588803a555b8eb41f07a944b,2018-02-15 13:35:31,24.89,15.1,5d710d9a48ebb7fe5ffc2940ff29f346,MG,uberlandia,telephony,125.0,17.0,10.0,14.0,72015,brasilia,DF,39.99,1.0,credit_card,4.0,24.89,39.99,10.0,29,0,19.0,2018,2,Feb,1,5,2018-02,2,Saturday,5
68e48e68da1f50f7c5838ea75e3a20dd,4afc1dcca5fe8926fc97d60a4497f8ab,delivered,2018-06-18 16:02:23,2018-06-18 17:00:57,2018-06-19 15:55:00,2018-06-22 21:18:51,2018-07-13,1,a659cb33082b851fb87a33af8f0fff29,817245bcc3badd82bbd222e0366951a6,2018-06-22 17:00:57,84.9,13.25,a464f750556546a0989d9326ec003ccf,SP,sao paulo,auto,150.0,16.0,6.0,11.0,17056,bauru,SP,392.6,3.0,credit_card,5.0,84.9,98.15,4.0,24,0,20.0,2018,6,Jun,2,0,2018-06,6,Monday,0
68e48e68da1f50f7c5838ea75e3a20dd,4afc1dcca5fe8926fc97d60a4497f8ab,delivered,2018-06-18 16:02:23,2018-06-18 17:00:57,2018-06-19 15:55:00,2018-06-22 21:18:51,2018-07-13,2,a659cb33082b851fb87a33af8f0fff29,817245bcc3badd82bbd222e0366951a6,2018-06-22 17:00:57,84.9,13.25,a464f750556546a0989d9326ec003ccf,SP,sao paulo,auto,150.0,16.0,6.0,11.0,17056,bauru,SP,392.6,3.0,credit_card,5.0,84.9,98.15,4.0,24,0,20.0,2018,6,Jun,2,0,2018-06,6,Monday,0
68e48e68da1f50f7c5838ea75e3a20dd,4afc1dcca5fe8926fc97d60a4497f8ab,delivered,2018-06-18 16:02:23,2018-06-18 17:00:57,2018-06-19 15:55:00,2018-06-22 21:18:51,2018-07-13,3,a659cb33082b851fb87a33af8f0fff29,817245bcc3badd82bbd222e0366951a6,2018-06-22 17:00:57,84.9,13.25,a464f750556546a0989d9326ec003ccf,SP,sao paulo,auto,150.0,16.0,6.0,11.0,17056,bauru,SP,392.6,3.0,credit_card,5.0,84.9,98.15,4.0,24,0,20.0,2018,6,Jun,2,0,2018-06,6,Monday,0
68e48e68da1f50f7c5838ea75e3a20dd,4afc1dcca5fe8926fc97d60a4497f8ab,delivered,2018-06-18 16:02:23,2018-06-18 17:00:57,2018-06-19 15:55:00,2018-06-22 21:18:51,2018-07-13,4,a659cb33082b851fb87a33af8f0fff29,817245bcc3badd82bbd222e0366951a6,2018-06-22 17:00:57,84.9,13.25,a464f750556546a0989d9326ec003ccf,SP,sao paulo,auto,150.0,16.0,6.0,11.0,17056,bauru,SP,392.6,3.0,credit_card,5.0,84.9,98.15,4.0,24,0,20.0,2018,6,Jun,2,0,2018-06,6,Monday,0
b52cc4919de82b4d696a4380d10804a3,be8c14c16a4d47194ccdfe10f1fc5b1a,delivered,2018-06-13 13:47:39,2018-06-15 02:37:29,2018-06-15 14:22:00,2018-06-18 22:32:44,2018-06-26,1,7564c1759c04fc0a38f2aa84f7a370ee,6860153b69cc696d5dcfe1cdaaafcf62,2018-06-19 02:30:26,42.99,12.03,c86a25b8f5f6c203bb3471553bdc3200,SP,cosmopolis,construction_tools_construction,1200.0,16.0,11.0,11.0,13360,capivari,SP,55.02,1.0,boleto,5.0,42.99,55.02,5.0,12,0,7.0,2018,6,Jun,2,2,2018-06,6,Wednesday,2
fdf128b3630c21adc9ca4fb8a51b68ec,a9d37ddc8ba4d9f6dbac7d8ec378cc95,delivered,2018-07-15 08:33:19,2018-07-16 14:31:10,2018-07-17 15:33:00,2018-07-24 16:41:18,2018-08-02,1,89321f94e35fc6d7903d36f74e351d40,16090f2ca825584b5a147ab24aa30c86,2018-07-18 14:31:10,27.9,18.3,3c0402bcc3ec3b33fc4430eb6c08720a,SC,joinville,food,150.0,17.0,13.0,13.0,12940,atibaia,SP,46.2,1.0,debit_card,3.0,27.9,46.2,9.0,17,0,8.0,2018,7,Jul,3,6,2018-07,7,Sunday,6
a6aeb116d2cb5013eb8a94585b71ffef,bb2f5e670f7155dc622c57e4b31d0a69,delivered,2017-09-13 14:27:11,2017-09-13 14:44:39,2017-09-15 18:42:29,2017-09-16 15:40:08,2017-09-25,1,163e6400e6dadd0fe04775c5e9331fda,855668e0971d4dfd7bef1b6a4133b41b,2017-09-19 14:44:39,50.0,9.34,31b8fa2573bde01af4737e8ed29c348b,SP,sao paulo,baby,500.0,47.0,10.0,36.0,13257,itatiba,SP,59.34,1.0,credit_card,5.0,50.0,59.34,3.0,11,0,8.0,2017,9,Sep,3,2,2017-09,9,Wednesday,2
fa516182d28f96f5f5c651026b0749ee,55e6b290205c84ddd23ddf5eb134efd4,delivered,2018-04-13 08:44:17,2018-04-13 13:30:02,2018-04-13 22:19:21,2018-04-19 20:41:45,2018-05-08,1,e932008cf0ea7c93a077dd8d7e5f49eb,fcdd820084f17e9982427971e4e9d47f,2018-04-19 13:30:02,190.0,19.41,7f2eb9cf900070f2e7a7f0e95719f85b,SP,paulinia,air_conditioning,7350.0,105.0,10.0,40.0,14075,ribeirao preto,SP,209.41,1.0,credit_card,5.0,190.0,209.41,6.0,24,0,18.0,2018,4,Apr,2,4,2018-04,4,Friday,4
6abaad69b8b349c3a529b4b91ce18e46,f5618502bee8eafdee72fb6955e2ebdf,delivered,2018-02-15 10:33:30,2018-02-15 10:47:59,2018-02-20 14:15:09,2018-02-24 19:15:56,2018-03-07,1,3dd6c9d499e7c311a29e08afe1fd8fc6,537eb890efff034a88679788b647c564,2018-02-21 09:47:59,42.9,14.1,fa0ee7ceb94193fb02aa78ce3a55695a,SP,carapicuiba,cool_stuff,250.0,19.0,12.0,12.0,20270,rio de janeiro,RJ,57.0,4.0,credit_card,4.0,42.9,57.0,9.0,19,0,10.0,2018,2,Feb,1,3,2018-02,2,Thursday,3
974c1993ab8024d3ed16229183c2308d,a90391a47de936d56c66a5366cba1462,delivered,2017-02-20 11:45:39,2017-02-22 03:10:20,2017-02-23 06:47:35,2017-03-09 14:27:58,2017-03-21,1,5e2ba75ad255ff60b1c76c5bf526ae9b,f84a00e60c73a49e7e851c9bdca3a5bb,2017-02-24 11:45:39,69.9,14.66,32de2a7a93dbfc527b3f584744b9c6ce,MG,bom jardim de minas,health_beauty,500.0,20.0,8.0,20.0,20756,rio de janeiro,RJ,84.56,1.0,boleto,5.0,69.9,84.56,17.0,28,0,11.0,2017,2,Feb,1,0,2017-02,2,Monday,0
82bce245b1c9148f8d19a55b9ff70644,388025bec8128ff20ec1a316ed4dcf02,delivered,2017-04-20 17:15:46,2017-04-21 05:15:56,2017-04-24 09:34:13,2017-05-10 09:17:55,2017-05-12,1,a5a0e71a81ae65aa335e71c06261e260,c8417879a15366a17c30af34c798c332,2017-04-27 05:15:56,38.0,15.56,f9effeed3df9ae063a58c0759b96f8b2,PR,cascavel,housewares,705.0,34.0,22.0,28.0,4445,sao paulo,SP,267.8,1.0,boleto,1.0,38.0,53.56,19.0,21,0,2.0,2017,4,Apr,2,3,2017-04,4,Thursday,3
82bce245b1c9148f8d19a55b9ff70644,388025bec8128ff20ec1a316ed4dcf02,delivered,2017-04-20 17:15:46,2017-04-21 05:15:56,2017-04-24 09:34:13,2017-05-10 09:17:55,2017-05-12,2,a5a0e71a81ae65aa335e71c06261e260,c8417879a15366a17c30af34c798c332,2017-04-27 05:15:56,38.0,15.56,f9effeed3df9ae063a58c0759b96f8b2,PR,cascavel,housewares,705.0,34.0,22.0,28.0,4445,sao paulo,SP,267.8,1.0,boleto,1.0,38.0,53.56,19.0,21,0,2.0,2017,4,Apr,2,3,2017-04,4,Thursday,3
82bce245b1c9148f8d19a55b9ff70644,388025bec8128ff20ec1a316ed4dcf02,delivered,2017-04-20 17:15:46,2017-04-21 05:15:56,2017-04-24 09:34:13,2017-05-10 09:17:55,2017-05-12,3,a5a0e71a81ae65aa335e71c06261e260,c8417879a15366a17c30af34c798c332,2017-04-27 05:15:56,38.0,15.56,f9effeed3df9ae063a58c0759b96f8b2,PR,cascavel,housewares,705.0,34.0,22.0,28.0,4445,sao paulo,SP,267.8,1.0,boleto,1.0,38.0,53.56,19.0,21,0,2.0,2017,4,Apr,2,3,2017-04,4,Thursday,3
82bce245b1c9148f8d19a55b9ff70644,388025bec8128ff20ec1a316ed4dcf02,delivered,2017-04-20 17:15:46,2017-04-21 05:15:56,2017-04-24 09:34:13,2017-05-10 09:17:55,2017-05-12,4,a5a0e71a81ae65aa335e71c06261e260,c8417879a15366a17c30af34c798c332,2017-04-27 05:15:56,38.0,15.56,f9effeed3df9ae063a58c0759b96f8b2,PR,cascavel,housewares,705.0,34.0,22.0,28.0,4445,sao paulo,SP,267.8,1.0,boleto,1.0,38.0,53.56,19.0,21,0,2.0,2017,4,Apr,2,3,2017-04,4,Thursday,3
82bce245b1c9148f8d19a55b9ff70644,388025bec8128ff20ec1a316ed4dcf02,delivered,2017-04-20 17:15:46,2017-04-21 05:15:56,2017-04-24 09:34:13,2017-05-10 09:17:55,2017-05-12,5,a5a0e71a81ae65aa335e71c06261e260,c8417879a15366a17c30af34c798c332,2017-04-27 05:15:56,38.0,15.56,f9effeed3df9ae063a58c0759b96f8b2,PR,cascavel,housewares,705.0,34.0,22.0,28.0,4445,sao paulo,SP,267.8,1.0,boleto,1.0,38.0,53.56,19.0,21,0,2.0,2017,4,Apr,2,3,2017-04,4,Thursday,3
a910f58086d58b3ae6f37aa712d377b9,afb19a4b667cb708caab312757ec3d3f,delivered,2017-09-15 09:19:48,2017-09-15 09:35:18,2017-09-18 18:20:00,2017-09-25 20:14:48,2017-10-11,1,75d6b6963340c6063f7f4cfcccfe6a30,cc419e0650a3c5ba77189a1882b7556a,2017-09-22 09:35:18,56.99,15.84,a7e7b19ff34ab885f7b7331de2417cf3,MT,cuiaba,perfumery,400.0,18.0,11.0,20.0,9015,santo andre,SP,145.66,5.0,credit_card,5.0,56.99,72.83,10.0,25,0,15.0,2017,9,Sep,3,4,2017-09,9,Friday,4
a910f58086d58b3ae6f37aa712d377b9,afb19a4b667cb708caab312757ec3d3f,delivered,2017-09-15 09:19:48,2017-09-15 09:35:18,2017-09-18 18:20:00,2017-09-25 20:14:48,2017-10-11,2,75d6b6963340c6063f7f4cfcccfe6a30,cc419e0650a3c5ba77189a1882b7556a,2017-09-22 09:35:18,56.99,15.84,a7e7b19ff34ab885f7b7331de2417cf3,MT,cuiaba,perfumery,400.0,18.0,11.0,20.0,9015,santo andre,SP,145.66,5.0,credit_card,5.0,56.99,72.83,10.0,25,0,15.0,2017,9,Sep,3,4,2017-09,9,Friday,4
bd4bd0194d6d29f83b8557d4b89b572a,636e15840ab051faa13d3f781b6e4233,delivered,2018-07-28 16:52:55,2018-07-31 03:50:24,2018-08-01 16:01:00,2018-08-06 18:44:46,2018-08-08,1,7f457254a89d62960399e075711b3deb,ea8482cd71df3c1969d7b9473ff13abc,2018-08-02 03:50:24,24.99,12.84,65e5aaf9f721945f29cdba45c206cb83,SP,ribeirao preto,auto,300.0,17.0,4.0,12.0,4160,sao paulo,SP,37.83,1.0,boleto,5.0,24.99,37.83,9.0,10,0,1.0,2018,7,Jul,3,5,2018-07,7,Saturday,5
634e8f4c0f6744a626f77f39770ac6aa,05e996469a2bf9559c7122b87e156724,delivered,2017-08-09 18:32:47,2017-08-09 18:45:18,2017-08-10 20:21:53,2017-08-16 18:17:54,2017-08-31,1,69d980b4120a76616d7b237d731d6156,744dac408745240a2c2528fb1b6028f3,2017-08-15 18:45:18,219.0,15.28,5229b8e4d7d2b9b676c2083c17b1ecd0,RS,portao,watches_gifts,600.0,16.0,11.0,12.0,83408,colombo,PR,234.28,1.0,credit_card,1.0,219.0,234.28,6.0,21,0,15.0,2017,8,Aug,3,2,2017-08,8,Wednesday,2
6d25592267349b322799e2beb687871e,5bb39c890c91b1d26801aa19a9336eac,delivered,2018-08-26 22:04:34,2018-08-28 04:10:18,2018-08-28 12:56:00,2018-08-29 12:40:53,2018-08-30,1,c3ba4e8d3cb30049213b682e751e9d00,6560211a19b47992c3666cc44a7e94c0,2018-08-30 04:10:18,93.0,7.91,a71cac9f356cfeb9db35061020806212,SP,sao paulo,watches_gifts,350.0,16.0,2.0,20.0,5849,sao paulo,SP,201.82,1.0,boleto,4.0,93.0,100.91,2.0,3,0,1.0,2018,8,Aug,3,6,2018-08,8,Sunday,6
6d25592267349b322799e2beb687871e,5bb39c890c91b1d26801aa19a9336eac,delivered,2018-08-26 22:04:34,2018-08-28 04:10:18,2018-08-28 12:56:00,2018-08-29 12:40:53,2018-08-30,2,c3ba4e8d3cb30049213b682e751e9d00,6560211a19b47992c3666cc44a7e94c0,2018-08-30 04:10:18,93.0,7.91,a71cac9f356cfeb9db35061020806212,SP,sao paulo,watches_gifts,350.0,16.0,2.0,20.0,5849,sao paulo,SP,201.82,1.0,boleto,4.0,93.0,100.91,2.0,3,0,1.0,2018,8,Aug,3,6,2018-08,8,Sunday,6
b8801cccd8068de30112e4f49903d74a,f26a435864aebedff7f7c84f82ee229f,delivered,2017-07-30 03:06:35,2017-07-30 03:25:08,2017-07-31 16:42:54,2017-08-01 14:27:31,2017-08-16,1,154e7e31ebfa092203795c972e5804a6,cc419e0650a3c5ba77189a1882b7556a,2017-08-08 03:25:08,19.99,7.78,bb4d84a2b45b22ed710ac8c0dec63d1a,SP,poa,health_beauty,100.0,20.0,15.0,15.0,9015,santo andre,SP,27.77,2.0,credit_card,3.0,19.99,27.77,2.0,16,0,14.0,2017,7,Jul,3,6,2017-07,7,Sunday,6
2711a938db643b3f0b62ee2c8a2784aa,29cb486c739f9774c8eb542e07b56cd2,delivered,2017-12-22 00:17:37,2017-12-23 02:15:31,2017-12-27 19:54:46,2018-01-09 19:52:32,2018-01-19,1,ad1128daf194f4b6ac4256e16233497c,1ca7077d890b907f89be8c954a02686a,2017-12-29 02:15:31,45.0,14.1,2ae3c67452283d5a0d30b32e0d33296e,DF,brasilia,telephony,100.0,16.0,3.0,11.0,6506,santana de parnaiba,SP,59.1,1.0,boleto,5.0,45.0,59.1,18.0,27,0,9.0,2017,12,Dec,4,4,2017-12,12,Friday,4
3bc77ce8be27211bac313c2daa402d1a,bf141bf67fbe428d558bcf0e018eab60,delivered,2017-04-06 22:39:29,2017-04-06 22:50:24,2017-04-07 14:54:18,2017-04-11 12:31:36,2017-04-27,1,f497ba62f1d6b4f6a3a3266fa8623ad3,6df688df543f90e9b38f4319e75a9d88,2017-04-12 22:50:24,58.2,8.78,c756e1910755edd88c00ac3f46baba4b,MG,belo horizonte,health_beauty,83.0,13.0,8.0,12.0,31230,belo horizonte,MG,66.98,1.0,credit_card,5.0,58.2,66.98,4.0,20,0,16.0,2017,4,Apr,2,3,2017-04,4,Thursday,3
10c320f977c6a18f91b2d14be13128c6,b673f0597cb0c4d12778f731045f361a,delivered,2017-05-09 20:48:59,2017-05-09 21:02:45,2017-05-10 11:22:15,2017-05-18 13:22:35,2017-06-01,1,b3be1f83cef05668c25e134852d44545,3b15288545f8928d3e65a8f949a28291,2017-05-16 21:02:45,110.99,21.27,04e495a3f45df8b41be2e934bbc16961,RS,gravatai,bed_bath_table,1750.0,42.0,11.0,36.0,14940,ibitinga,SP,132.26,3.0,credit_card,3.0,110.99,132.26,8.0,22,0,14.0,2017,5,May,2,1,2017-05,5,Tuesday,1
0a4a2fccb27bd83a892fa503987a595b,6772a0a230a2667d16c3620f000e1348,delivered,2017-04-20 20:42:44,2017-04-20 20:55:09,2017-04-25 08:23:08,2017-05-11 13:07:46,2017-05-25,1,f7d7b5c58704fb359a74580622800051,4a3ca9315b744ce9f8e9374361493884,2017-04-28 20:55:09,38.5,24.84,c7a9a76a4b24a7e7b2caff982409b7ee,PB,santa luzia,bed_bath_table,950.0,45.0,15.0,35.0,14940,ibitinga,SP,63.34,5.0,credit_card,4.0,38.5,63.34,20.0,34,0,14.0,2017,4,Apr,2,3,2017-04,4,Thursday,3
e4de6d53ecff736bc68804b0b6e9f635,9f6618c17568ac301465fe7ad056c674,delivered,2017-10-16 14:56:50,2017-10-17 03:49:34,2017-10-27 22:14:21,2017-11-08 21:25:24,2017-11-21,1,90b58782fdd04cb829667fcc41fb65f5,7c67e1448b00f6e969d365cea6b010ab,2017-10-27 03:49:34,179.99,51.13,e3bcfea9bab07b492391664fc1ffc28a,BA,antonio cardoso,office_furniture,7417.0,102.0,46.0,11.0,8577,itaquaquecetuba,SP,231.12,1.0,boleto,2.0,179.99,231.12,23.0,35,0,12.0,2017,10,Oct,4,0,2017-10,10,Monday,0
6b860b35691d486e45dc98e3514ec5f6,fee181bf648906d1c57f84f216976286,delivered,2017-12-08 09:42:43,2017-12-09 02:49:54,2017-12-11 15:19:04,2017-12-19 18:43:35,2018-01-03,1,c827fb43ad0fb8708f34c2911fdc164b,76d5af76d0271110f9af36c92573f765,2017-12-14 02:49:54,544.0,30.36,4754e3b66497719a91b36268ed9c5718,SP,tapiratiba,sports_leisure,10600.0,26.0,30.0,26.0,3194,sao paulo,SP,574.36,1.0,boleto,5.0,544.0,574.36,11.0,25,0,14.0,2017,12,Dec,4,4,2017-12,12,Friday,4
ec341c54a5ebf8ee0a67a8632aa7579b,df9b032b2ad0fd6bf37dfb48e5f83845,delivered,2017-08-26 16:53:30,2017-08-27 17:04:12,2017-08-30 13:26:32,2017-09-08 20:39:56,2017-09-21,1,22f5b63060a1185e5ec7721efd622321,4c8b8048e33af2bf94f2eb547746a916,2017-08-31 17:04:12,14.82,15.1,410979f3cfd34e467d4fad78bd0f0219,SC,irineopolis,bed_bath_table,400.0,90.0,6.0,12.0,14940,ibitinga,SP,29.92,2.0,credit_card,5.0,14.82,29.92,13.0,25,0,12.0,2017,8,Aug,3,5,2017-08,8,Saturday,5
cadbb3657dac2dbbd5b84b12e7b78aad,93ada7a24817edda9f4ab998fa823d16,delivered,2018-02-27 12:55:42,2018-03-01 02:48:54,2018-03-03 02:27:03,2018-03-16 14:59:01,2018-03-29,1,9d2ff462feaaf88912539b8647e17ab4,00fc707aaaad2d31347cf883cd2dfe10,2018-03-13 02:48:54,394.9,14.89,cd148470c375939669971e8a032b16b4,SP,ribeirao preto,computers_accessories,813.0,32.0,16.0,16.0,87025,maringa,PR,409.79,1.0,boleto,4.0,394.9,409.79,17.0,29,0,12.0,2018,2,Feb,1,1,2018-02,2,Tuesday,1
9defaf92cff22420e4e8ef7784815a55,64fb950e760ec8b0db79154a1fa9c1bf,delivered,2018-05-11 13:10:51,2018-05-11 13:36:50,2018-05-16 14:43:00,2018-05-21 16:09:55,2018-06-05,1,cf944645d4ff2a3eed3ae17f641ea861,a6fe7de3d16f6149ffe280349a8535a0,2018-05-23 13:30:30,49.9,12.79,b11b7871c2b8be2d11fab954f58542f2,SP,sorocaba,fashion_underwear_beach,450.0,42.0,4.0,14.0,14401,franca,SP,62.69,6.0,credit_card,5.0,49.9,62.69,10.0,24,0,14.0,2018,5,May,2,4,2018-05,5,Friday,4
20e0101b20700188cadb288126949685,48558a50a7ba1aab61891936d2ca7681,delivered,2018-01-22 19:22:22,2018-01-22 19:36:35,2018-01-24 23:32:21,2018-02-15 20:08:15,2018-02-19,1,64d0feb1bcf9c7fe7b5dad3271c10910,e5a38146df062edaf55c38afa99e42dc,2018-01-26 19:36:35,89.18,16.38,42f80af2e6c585667e4eb416859ae153,MG,jequitai,furniture_decor,750.0,25.0,15.0,35.0,1233,sao paulo,SP,105.56,5.0,credit_card,5.0,89.18,105.56,24.0,27,0,3.0,2018,1,Jan,1,0,2018-01,1,Monday,0
0e782c3705510e717d28907746cbda82,3a897024068ed42a183de61d5727d866,delivered,2018-05-01 08:12:37,2018-05-01 08:52:58,2018-05-02 19:01:00,2018-05-04 14:02:26,2018-05-16,1,79da264732f717f10ebf5d102aa6c32a,562fc2f2c2863ab7e79a9e4388a58a14,2018-05-07 08:52:58,29.99,7.39,adeefbe14d26d3bf90facfeaae35d605,SP,sao paulo,telephony,150.0,17.0,8.0,14.0,13070,campinas,SP,37.38,1.0,credit_card,4.0,29.99,37.38,3.0,14,0,11.0,2018,5,May,2,1,2018-05,5,Tuesday,1
d3d6788577c9592da441752e8a1dd5e3,8628fac2267e8c8804525da99c10ed0e,delivered,2017-09-19 22:17:15,2017-09-20 07:55:14,2017-09-22 17:23:09,2017-10-10 18:43:53,2017-10-13,1,7c1bd920dbdf22470b68bde975dd3ccf,cc419e0650a3c5ba77189a1882b7556a,2017-09-27 07:55:14,58.99,17.66,7973a6ba9c81ecaeb3d628c33c7c7c48,PR,palmas,health_beauty,200.0,22.0,10.0,18.0,9015,santo andre,SP,76.65,7.0,credit_card,5.0,58.99,76.65,20.0,23,0,3.0,2017,9,Sep,3,1,2017-09,9,Tuesday,1
86f21bf63784876b9fd6d35f46581d72,332df68ccac2f2f7d9e11299188f8bce,delivered,2018-04-11 22:32:31,2018-04-11 22:49:32,2018-04-14 00:02:39,2018-04-27 23:14:42,2018-05-21,1,5526b1ae9ab2688cf600783cece249df,0b90b6df587eb83608a64ea8b390cf07,2018-04-23 22:49:32,98.44,22.4,bb7ef994cc22b1fc694ac59fb377b824,MG,presidente kubitschek,computers_accessories,200.0,16.0,16.0,16.0,87025,maringa,PR,120.84,4.0,credit_card,1.0,98.44,120.84,16.0,39,0,23.0,2018,4,Apr,2,2,2018-04,4,Wednesday,2
8447ff843b2616c50c0ced28ab1dae03,e28dd4261bed9c7ba89ecaf411b88f7c,delivered,2017-12-20 23:45:07,2017-12-22 02:37:45,2017-12-23 13:10:45,2018-01-09 18:14:02,2018-01-22,1,7a10781637204d8d10485c71a6108a2e,4869f7a5dfa277a7dca6462dcf3b52b2,2017-12-29 02:37:45,219.9,18.79,b6aa1d5781553afaa244c3e42246d93c,SC,itajai,watches_gifts,342.0,18.0,13.0,15.0,14840,guariba,SP,238.69,1.0,boleto,4.0,219.9,238.69,19.0,32,0,13.0,2017,12,Dec,4,2,2017-12,12,Wednesday,2
f169bd689fb8b32ccd62df9050aebc0b,82f0b75bb50fcb30711e5277e36b3983,delivered,2018-04-22 23:23:18,2018-04-24 19:24:14,2018-04-27 13:46:00,2018-04-30 17:57:25,2018-05-07,1,20a8603c265d777e25da064113d556f5,e70053bf73d1b5863932e53a9fa47496,2018-04-29 23:31:10,759.0,13.08,4a8c8f751984985cd49f74249da95aae,SP,sao paulo,telephony,475.0,17.0,14.0,14.0,5059,sao paulo,SP,772.08,8.0,credit_card,5.0,759.0,772.08,7.0,14,0,7.0,2018,4,Apr,2,6,2018-04,4,Sunday,6
77e9941864fc840be8e4b1ba5347c0f7,3135962ee745ef39b85576df7ddbaa99,delivered,2018-08-03 08:59:39,2018-08-03 09:31:36,2018-08-03 10:10:00,2018-08-17 00:49:41,2018-08-27,1,a01d1cbb398e386a4a8f8364401a7584,d566c37fa119d5e66c4e9052e83ee4ea,2018-08-07 09:10:14,65.9,37.37,00b2ca23369b68c4d4105ecea9c0cb93,CE,alto santo,sports_leisure,500.0,50.0,5.0,30.0,4131,sao paulo,SP,103.27,1.0,credit_card,5.0,65.9,103.27,13.0,23,0,10.0,2018,8,Aug,3,4,2018-08,8,Friday,4
41bb5cee06dbf170878a9ef93ac7e7f5,1833a0540067becaf59368fe4cd4303a,delivered,2018-05-14 08:35:33,2018-05-14 08:52:24,2018-05-16 14:46:00,2018-05-18 14:48:38,2018-06-08,1,43ee88561093499d9e571d4db5f20b79,23613d49c3ac2bd302259e55c06c050c,2018-05-28 08:52:24,10.9,12.79,ca73adc05ad5d0d880de79b5ea3253b3,SP,sao paulo,furniture_decor,200.0,20.0,20.0,20.0,13660,porto ferreira,SP,23.69,2.0,credit_card,5.0,10.9,23.69,4.0,24,0,20.0,2018,5,May,2,0,2018-05,5,Monday,0
6a0a8bfbbe700284feb0845d95e0867f,68451b39b1314302c08c65a29f1140fc,delivered,2017-11-22 11:32:22,2017-11-22 11:46:50,2017-11-27 13:39:35,2017-12-28 19:43:00,2017-12-11,1,f8a8f05a35976a91aed5cccc3992c357,4a3ca9315b744ce9f8e9374361493884,2017-11-28 11:46:50,83.9,17.84,781ae350edb16842380e81d7c7feb431,RJ,rio de janeiro,furniture_decor,1500.0,45.0,15.0,35.0,14940,ibitinga,SP,101.74,5.0,credit_card,1.0,83.9,101.74,36.0,18,1,-18.0,2017,11,Nov,4,2,2017-11,11,Wednesday,2
f7959f8385f34c4f645327465a1c9fc4,0bf19317b1830a69e55b40710576aa7a,delivered,2017-03-30 07:50:33,2017-03-30 08:05:08,2017-03-30 10:55:54,2017-04-10 02:59:52,2017-04-26,1,c1234c80dafde7ef3311b3eabd5069ed,dc4a0fc896dc34b0d5bfec8438291c80,2017-04-11 08:05:08,17.9,10.96,5ddb4fdd9cef2450d17ae20639815885,SP,jundiai,bed_bath_table,300.0,20.0,2.0,15.0,14940,ibitinga,SP,28.86,1.0,credit_card,5.0,17.9,28.86,10.0,26,0,16.0,2017,3,Mar,1,3,2017-03,3,Thursday,3
23f553848a03aaab35bb3f9f87725125,c622b892a190735ef81c0087973fa16d,delivered,2018-06-05 09:10:34,2018-06-05 09:32:22,2018-06-06 15:37:00,2018-06-18 12:36:54,2018-07-23,1,cac9e5692471a0700418aa3400b9b2b1,36890be00bbfc1cdb9a4a38a6af05a69,2018-06-15 09:31:23,99.2,18.57,439ced9aafa171a1ac88efa951c7db0a,PR,flor da serra do sul,baby,375.0,29.0,14.0,20.0,6040,osasco,SP,117.77,2.0,credit_card,5.0,99.2,117.77,13.0,47,0,34.0,2018,6,Jun,2,1,2018-06,6,Tuesday,1
e3447938231fb6ba2fee0231b51eca59,2c3642e1392097fb4af76a76fec16a46,delivered,2018-08-26 11:04:26,2018-08-26 11:15:29,2018-08-27 15:52:00,2018-08-28 21:06:31,2018-08-30,1,97f1396a5a1f7c07ba51784efdec44b8,955fee9216a65b617aa5c0531780ce60,2018-08-28 11:15:29,160.0,12.14,08de4d9507128e2ad419e26cc4f22b65,SP,guaruja,housewares,1400.0,43.0,18.0,18.0,4782,sao paulo,SP,172.14,2.0,credit_card,5.0,160.0,172.14,2.0,3,0,1.0,2018,8,Aug,3,6,2018-08,8,Sunday,6
e346cd9299371b18c0b28e8e29a5e376,fb9590a1e30e0ba8304ea73a31325797,delivered,2017-05-17 08:36:11,2017-05-17 08:45:09,2017-05-17 10:13:52,2017-05-23 13:32:30,2017-06-06,1,f9a7825fa51f487b8a48f67e9efced8c,76d5af76d0271110f9af36c92573f765,2017-05-23 08:45:09,29.9,12.69,4f262a3ca91e56d568fd13240c3c3652,SP,itanhaem,sports_leisure,2600.0,30.0,10.0,30.0,3194,sao paulo,SP,42.59,3.0,credit_card,5.0,29.9,42.59,6.0,19,0,13.0,2017,5,May,2,2,2017-05,5,Wednesday,2
a5474c0071dd5d1074e12d417078bbd0,ef15b3240b2083e0487762ee2978d2b8,delivered,2018-07-30 22:41:44,2018-08-01 02:50:15,2018-08-02 10:35:00,2018-08-03 19:28:47,2018-08-02,1,1f75be631e988bb0ad750e60e18d043b,fd386aa7bed2af3c7035c65506c9b4a3,2018-08-03 02:50:15,13.99,7.39,0c8761c28faa9b9930e4a9bb545905da,SP,barueri,health_beauty,200.0,25.0,10.0,15.0,4208,sao paulo,SP,21.38,1.0,boleto,5.0,13.99,21.38,3.0,2,1,-1.0,2018,7,Jul,3,0,2018-07,7,Monday,0
bb7c5cf4dff9994daeab7c8ee9d287aa,9a4900710ff76d73cb3a0d152e73adf0,delivered,2018-03-01 22:14:26,2018-03-02 22:08:51,2018-03-05 17:32:31,2018-03-09 14:48:21,2018-03-26,1,af0a99476d96dcc1a1baa7c0d9ff6b9d,04308b1ee57b6625f47df1d56f00eedf,2018-03-07 22:08:51,535.9,18.5,97f104e8e54ef4147d17fc1536a1482c,RS,uruguaiana,health_beauty,593.0,30.0,13.0,16.0,88215,bombinhas,SC,554.4,8.0,credit_card,4.0,535.9,554.4,7.0,24,0,17.0,2018,3,Mar,1,3,2018-03,3,Thursday,3
66d03fb3c4b0f80b5db04ef9c260336d,c39bde0d4030d5e31e654f0c20db9786,delivered,2018-02-06 21:09:10,2018-02-06 21:29:40,2018-02-07 17:13:05,2018-02-16 20:24:42,2018-03-07,1,a0b7d5a992ccda646f2d34e418fff5a0,95f83f51203c626648c875dd41874c7f,2018-02-12 21:29:40,69.9,26.11,8e4404700874036dbb2c606039875e1a,SP,sao jose dos campos,furniture_decor,12300.0,40.0,40.0,40.0,37564,borda da mata,MG,96.01,1.0,credit_card,4.0,69.9,96.01,9.0,28,0,19.0,2018,2,Feb,1,1,2018-02,2,Tuesday,1
a6cd683d4bd3b9b1f0aa37b27f8116d3,48f239e15744ed5e7ffbafc6bb6e882b,delivered,2017-01-28 23:45:53,2017-01-29 01:31:48,2017-02-01 14:25:06,2017-02-10 17:30:19,2017-03-10,1,721b56b7d205d6750e97716593bcb370,5c243662ce92d84573bfaff24c3e3700,2017-02-03 23:45:53,589.9,20.0,169381f51e4c3e926ef199364aeced22,BA,salvador,health_beauty,2550.0,35.0,30.0,13.0,3702,sao paulo,SP,609.9,6.0,credit_card,4.0,589.9,609.9,12.0,40,0,28.0,2017,1,Jan,1,5,2017-01,1,Saturday,5
bfe42c22ecbf90bc9f35cf591270b6a7,803ac05904124294f8767894d6da532b,delivered,2018-01-27 22:04:34,2018-01-27 22:16:18,2018-02-03 03:56:00,2018-02-09 20:16:40,2018-02-26,1,71225f49be70df4297892f6a5fa62171,e5a3438891c0bfdb9394643f95273d8e,2018-01-31 22:16:18,27.3,15.1,34c58672601f2c6d29db7efd1f6bf958,MG,bonfinopolis de minas,unknown,200.0,16.0,2.0,11.0,13483,limeira,SP,42.4,1.0,credit_card,5.0,27.3,42.4,12.0,29,0,17.0,2018,1,Jan,1,5,2018-01,1,Saturday,5
e1da8361c76cab67aa3588a1fbf1af54,dd854e24b40e3bc2b306946dee252015,delivered,2017-07-01 15:42:32,2017-07-04 04:10:19,2017-07-04 14:52:46,2017-07-12 20:17:57,2017-07-25,1,e0d64dcfaa3b6db5c54ca298ae101d05,7e93a43ef30c4f03f38b393420bc753a,2017-07-10 04:10:19,235.99,17.41,a8ee33e35637322a81a8c26592f6ce36,MG,ipatinga,watches_gifts,4338.0,17.0,12.0,14.0,6429,barueri,SP,253.4,1.0,boleto,2.0,235.99,253.4,11.0,23,0,12.0,2017,7,Jul,3,5,2017-07,7,Saturday,5
af5b0604e113e1526593d505a26ef39d,b896b244963dc7543d400ad82d6710e0,delivered,2017-09-27 12:07:22,2017-09-27 12:26:02,2017-09-29 22:25:42,2017-09-30 17:13:01,2017-10-16,1,978859c6048ded0fa8bf3b9ea8236387,813348c996469b40f2e028d5429d3495,2017-10-04 12:26:02,19.9,8.72,3d8614b1f25530eca12661dc8b10a2fb,SP,sao paulo,housewares,350.0,33.0,4.0,20.0,13206,jundiai,SP,28.62,1.0,voucher,1.0,19.9,28.62,3.0,18,0,15.0,2017,9,Sep,3,2,2017-09,9,Wednesday,2
9d531c565e28c3e0d756192f84d8731f,d4faa220408c20e53595d2950f361f3b,delivered,2017-11-28 21:00:44,2017-12-01 09:31:15,2017-12-14 20:37:43,2018-01-23 21:38:52,2017-12-22,1,807b2de93dbb064bbc82dc6ac963bc61,903037660cf848a717166eb7a06d616e,2017-12-06 20:57:24,25.99,14.1,efc37ae565ee0943cca2b89fc65c4d6f,RJ,marica,furniture_decor,500.0,16.0,30.0,16.0,5734,sao paulo,SP,40.09,4.0,credit_card,1.0,25.99,40.09,56.0,23,1,-33.0,2017,11,Nov,4,1,2017-11,11,Tuesday,1
4da3bd761ca73d692ae0f5c252495546,65ee4aa816cda8ad41e05c75e1cb691e,delivered,2018-02-01 12:31:21,2018-02-01 12:54:33,2018-02-02 00:39:31,2018-02-02 16:12:53,2018-02-19,1,4d8f78374f31cd4b4932c1f2a42c4674,7a425d299613df3e613bcf9d2eaf5c49,2018-02-07 12:54:33,18.5,7.94,e3c0567a8b991a9d812ee91f2650db40,RJ,rio de janeiro,perfumery,100.0,16.0,16.0,11.0,22790,rio de janeiro,RJ,26.44,1.0,credit_card,5.0,18.5,26.44,1.0,17,0,16.0,2018,2,Feb,1,3,2018-02,2,Thursday,3
80d817467dc3d0a4bb5ab8986c962b1f,a4a2abd07b1cdd4902cf245cdfa1451d,delivered,2018-08-22 16:10:29,2018-08-22 16:25:19,2018-08-23 14:33:00,2018-08-28 14:52:43,2018-09-05,1,425db55cb3b0f5b18a2d9964da31c3c0,2a84855fd20af891be03bc5924d2b453,2018-08-24 16:25:19,49.9,16.54,337bf0efbf9e5ba67461d2e5b4e5c2b1,DF,brasilia,stationery,450.0,25.0,15.0,25.0,30111,belo horizonte,MG,132.88,1.0,credit_card,5.0,49.9,66.44,5.0,13,0,8.0,2018,8,Aug,3,2,2018-08,8,Wednesday,2
80d817467dc3d0a4bb5ab8986c962b1f,a4a2abd07b1cdd4902cf245cdfa1451d,delivered,2018-08-22 16:10:29,2018-08-22 16:25:19,2018-08-23 14:33:00,2018-08-28 14:52:43,2018-09-05,2,425db55cb3b0f5b18a2d9964da31c3c0,2a84855fd20af891be03bc5924d2b453,2018-08-24 16:25:19,49.9,16.54,337bf0efbf9e5ba67461d2e5b4e5c2b1,DF,brasilia,stationery,450.0,25.0,15.0,25.0,30111,belo horizonte,MG,132.88,1.0,credit_card,5.0,49.9,66.44,5.0,13,0,8.0,2018,8,Aug,3,2,2018-08,8,Wednesday,2
c75acba615d2db29345327974641467d,2b47ff70d422cc3ada976dea40f48782,delivered,2018-07-06 23:36:15,2018-07-07 10:10:09,2018-07-10 14:25:00,2018-07-13 17:18:42,2018-08-10,1,4005df5f887f3c2529f363671fc8f4a5,e9779976487b77c6d4ac45f75ec7afe9,2018-07-12 10:10:09,84.99,26.9,8279be4e9b2fbb615ace365178b785a0,RJ,rio de janeiro,health_beauty,2200.0,23.0,23.0,20.0,11701,praia grande,SP,111.89,3.0,credit_card,5.0,84.99,111.89,6.0,34,0,28.0,2018,7,Jul,3,4,2018-07,7,Friday,4
210e60465099814a1d2c7635e4065153,fc849c5fbc7e2b0c7cfebc138886c693,delivered,2018-05-09 18:27:00,2018-05-09 18:54:13,2018-05-10 16:07:00,2018-05-22 00:08:26,2018-05-29,1,b69eb25e3a4def8e9cddee18712e0c5e,8ed8ea9a57c862f2c18c2fe41f601d56,2018-05-11 18:54:13,199.0,32.79,5bbc03d010ac4dbcfdfa2018349c8f6e,RJ,tocos,cool_stuff,7750.0,34.0,33.0,33.0,89030,blumenau,SC,231.79,8.0,credit_card,4.0,199.0,231.79,12.0,19,0,7.0,2018,5,May,2,2,2018-05,5,Wednesday,2
8fc207e94fa91a7649c5a5dab690272a,c69f8b33e62ecb30ff78ae46d7fb9241,delivered,2017-11-26 17:49:46,2017-11-26 17:58:34,2017-11-28 23:17:09,2018-01-20 13:42:22,2017-12-19,1,f2e53dd1670f3c376518263b3f71424d,4a3ca9315b744ce9f8e9374361493884,2017-11-30 17:58:34,109.9,25.61,7d185d821a11c769636247766f1fd45e,RJ,sao joao de meriti,bed_bath_table,1975.0,41.0,13.0,31.0,14940,ibitinga,SP,135.51,5.0,credit_card,3.0,109.9,135.51,54.0,22,1,-32.0,2017,11,Nov,4,6,2017-11,11,Sunday,6
4b3a605942f29d490cb74bd6ace6b9f0,e8a332c3433fbd37920ec89fc295d075,delivered,2017-09-29 09:32:17,2017-09-29 09:44:12,2017-09-29 21:58:48,2017-09-30 16:55:39,2017-10-17,1,ffd4bf4306745865e5692f69bd237893,d98eec89afa3380e14463da2aabaea72,2017-10-05 09:44:12,29.99,8.11,0a5df23b922b9998bb7378f1ac03c98a,RS,porto alegre,fashion_bags_accessories,150.0,16.0,16.0,16.0,90010,porto alegre,RS,38.1,1.0,credit_card,5.0,29.99,38.1,1.0,17,0,16.0,2017,9,Sep,3,4,2017-09,9,Friday,4
1c35ac660d7ef6691b25d20df3d6eccb,68c85132eb3b96fbe6cbddc09a568d24,delivered,2017-06-27 23:11:57,2017-06-27 23:35:09,2017-06-28 14:28:00,2017-06-29 10:16:35,2017-07-10,1,42a2c92a0979a949ca4ea89ec5c7b934,813348c996469b40f2e028d5429d3495,2017-07-03 23:35:09,59.9,14.13,2df79c0c80c225d537833abb01a1a8ca,SP,sao paulo,housewares,7000.0,26.0,47.0,27.0,13206,jundiai,SP,74.03,7.0,credit_card,5.0,59.9,74.03,1.0,12,0,11.0,2017,6,Jun,2,1,2017-06,6,Tuesday,1
01a75ac3dd000b7628a684be97c29234,57ee2ef64f17a5f9a4bf30489b06326c,delivered,2018-01-23 10:32:39,2018-01-23 10:59:10,2018-01-26 19:12:26,2018-02-07 14:59:03,2018-02-21,1,b5c114b11d53b6fd85a6a90790f0b479,0adac9fbd9a2b63cccaac4f8756c1ca8,2018-01-29 10:59:10,42.9,15.1,91a7366b39d3620ce44f85fa5d116896,RJ,niteroi,housewares,267.0,24.0,15.0,12.0,13290,louveira,SP,58.0,5.0,credit_card,1.0,42.9,58.0,15.0,28,0,13.0,2018,1,Jan,1,1,2018-01,1,Tuesday,1
0c6b011f8a4f87010c23995f5807d152,a78b75a2ad06180de06b82857ca442b3,delivered,2018-08-20 18:24:30,2018-08-20 18:35:26,2018-08-21 11:53:00,2018-08-28 13:43:41,2018-09-13,1,1600dcf1cea8c0c83702e07b577ab231,6560211a19b47992c3666cc44a7e94c0,2018-08-22 18:35:26,43.0,23.02,198fa73f9282fb46d9b5b5c25394b7e1,RN,natal,watches_gifts,250.0,16.0,2.0,20.0,5849,sao paulo,SP,66.02,6.0,credit_card,5.0,43.0,66.02,7.0,23,0,16.0,2018,8,Aug,3,0,2018-08,8,Monday,0
ee0c5c649e17808bc4a363d3a80ebf85,cc3590e4afbb4b3e056b50a80a6a7d0c,delivered,2018-01-30 07:51:17,2018-01-30 08:13:43,2018-01-31 15:06:03,2018-02-20 15:25:04,2018-02-21,1,c63857f1b80521fbf01eb987423d0ccd,bc47d5d1490df2b36add65d733eafaba,2018-02-05 08:13:43,12.5,14.1,2ed58d0567a2839599b85957ee02bca9,RJ,rio de janeiro,sports_leisure,150.0,30.0,18.0,18.0,9163,santo andre,SP,53.2,1.0,voucher,4.0,12.5,26.6,21.0,21,0,0.0,2018,1,Jan,1,1,2018-01,1,Tuesday,1
ee0c5c649e17808bc4a363d3a80ebf85,cc3590e4afbb4b3e056b50a80a6a7d0c,delivered,2018-01-30 07:51:17,2018-01-30 08:13:43,2018-01-31 15:06:03,2018-02-20 15:25:04,2018-02-21,2,c63857f1b80521fbf01eb987423d0ccd,bc47d5d1490df2b36add65d733eafaba,2018-02-05 08:13:43,12.5,14.1,2ed58d0567a2839599b85957ee02bca9,RJ,rio de janeiro,sports_leisure,150.0,30.0,18.0,18.0,9163,santo andre,SP,53.2,1.0,voucher,4.0,12.5,26.6,21.0,21,0,0.0,2018,1,Jan,1,1,2018-01,1,Tuesday,1
f2fa3795760c35b8c05fa8e2f09d5143,fac60d7c4df3896a5af5db6c91e03797,delivered,2018-03-31 14:20:46,2018-04-03 05:10:21,2018-04-05 00:44:42,2018-04-07 00:06:33,2018-05-04,1,120fa011365fc39efe382cba4e50999e,da8622b14eb17ae2831f4ac5b9dab84a,2018-04-09 05:10:21,179.9,8.41,c53e944da3d3ad66ccb7527165b78681,SP,franca,bed_bath_table,2050.0,34.0,8.0,32.0,13405,piracicaba,SP,518.39,1.0,boleto,3.0,179.9,188.31,6.0,33,0,27.0,2018,3,Mar,1,5,2018-03,3,Saturday,5
f2fa3795760c35b8c05fa8e2f09d5143,fac60d7c4df3896a5af5db6c91e03797,delivered,2018-03-31 14:20:46,2018-04-03 05:10:21,2018-04-05 00:44:42,2018-04-07 00:06:33,2018-05-04,2,68a058d125ba1544e726898f0b8c0523,7c67e1448b00f6e969d365cea6b010ab,2018-04-17 05:10:21,119.99,28.05,c53e944da3d3ad66ccb7527165b78681,SP,franca,office_furniture,10475.0,52.0,51.0,17.0,8577,itaquaquecetuba,SP,518.39,1.0,boleto,3.0,119.99,148.04,6.0,33,0,27.0,2018,3,Mar,1,5,2018-03,3,Saturday,5
f2fa3795760c35b8c05fa8e2f09d5143,fac60d7c4df3896a5af5db6c91e03797,delivered,2018-03-31 14:20:46,2018-04-03 05:10:21,2018-04-05 00:44:42,2018-04-07 00:06:33,2018-05-04,3,eab67bf937aaadc19f83383a331d2dd9,7c67e1448b00f6e969d365cea6b010ab,2018-04-17 05:10:21,149.99,32.05,c53e944da3d3ad66ccb7527165b78681,SP,franca,office_furniture,10975.0,53.0,51.0,18.0,8577,itaquaquecetuba,SP,518.39,1.0,boleto,3.0,149.99,182.04,6.0,33,0,27.0,2018,3,Mar,1,5,2018-03,3,Saturday,5
3923e3ade70348985bd2ca389905cf19,6454e6cba392b35aa21527063026fc92,delivered,2018-03-07 23:00:33,2018-03-09 03:00:35,2018-03-14 02:08:26,2018-03-19 18:46:32,2018-03-29,1,7bdb28a55646012fb3348058d629d9bc,d23019c84ffae2d5ef2270367b8605fc,2018-03-15 02:30:36,59.9,18.25,3ed766ba830792bcc9ad889d2607eab7,SP,sao bernardo do campo,musical_instruments,2750.0,103.0,12.0,17.0,86073,londrina,PR,78.15,1.0,boleto,4.0,59.9,78.15,11.0,21,0,10.0,2018,3,Mar,1,2,2018-03,3,Wednesday,2
e37797aedc7cd4ef82278fbc169eecaf,4c9c7c2b6de6ee2568681b5599bb7495,delivered,2018-05-08 22:12:34,2018-05-08 22:31:43,2018-05-10 13:35:00,2018-05-14 18:55:59,2018-05-23,1,013ee64977aaa6b2b25475095162e0e9,640e21a7d01df7614a3b4923e990d40c,2018-05-13 22:30:39,69.99,14.58,f9c75a729bd4f0b6c346b18ad9fbc1cb,SP,sao paulo,bed_bath_table,1350.0,45.0,10.0,55.0,14940,ibitinga,SP,84.57,3.0,credit_card,5.0,69.99,84.57,5.0,14,0,9.0,2018,5,May,2,1,2018-05,5,Tuesday,1
35660aec0cc42b6257e24281ee0e6255,b53cc3c992caaa45ec73cfdde4d839b5,delivered,2017-03-30 14:46:00,2017-03-30 14:55:17,2017-04-10 18:53:49,2017-04-27 11:08:55,2017-05-12,1,aba86c093ccdbac75b09111d57e50004,7c67e1448b00f6e969d365cea6b010ab,2017-04-12 14:55:17,129.6,25.4,e0b0f9beb31782e3174a67b875697ca0,PB,nova floresta,office_furniture,2600.0,40.0,45.0,39.0,8577,itaquaquecetuba,SP,155.0,3.0,credit_card,1.0,129.6,155.0,27.0,42,0,15.0,2017,3,Mar,1,3,2017-03,3,Thursday,3
b01875821b8dcb6abc61776f0f971bce,818596f5b68adfe2c11498ebb6d39e02,delivered,2017-11-24 21:55:22,2017-11-25 01:31:43,2017-11-28 22:37:15,2017-12-01 21:11:40,2017-12-15,1,a6ad77b15e566298a4e8ee2011ab1255,1025f0e2d44d7041d6cf58b6550e0bfa,2017-12-01 00:38:17,31.8,39.28,8731e1c5aa27eced509f47d8012ff81e,RJ,rio de janeiro,furniture_decor,3450.0,23.0,35.0,35.0,3204,sao paulo,SP,142.16,10.0,credit_card,4.0,31.8,71.08,6.0,20,0,14.0,2017,11,Nov,4,4,2017-11,11,Friday,4
b01875821b8dcb6abc61776f0f971bce,818596f5b68adfe2c11498ebb6d39e02,delivered,2017-11-24 21:55:22,2017-11-25 01:31:43,2017-11-28 22:37:15,2017-12-01 21:11:40,2017-12-15,2,a6ad77b15e566298a4e8ee2011ab1255,1025f0e2d44d7041d6cf58b6550e0bfa,2017-12-01 00:38:17,31.8,39.28,8731e1c5aa27eced509f47d8012ff81e,RJ,rio de janeiro,furniture_decor,3450.0,23.0,35.0,35.0,3204,sao paulo,SP,142.16,10.0,credit_card,4.0,31.8,71.08,6.0,20,0,14.0,2017,11,Nov,4,4,2017-11,11,Friday,4
5164933efe0cd14f31424b9badf81f19,d0e71d7a6dbca8ac513ac63d08a81fa0,delivered,2018-04-25 22:18:10,2018-04-25 22:31:56,2018-04-26 12:35:00,2018-04-27 16:50:03,2018-05-14,1,821a07e1e2a0382df1f3761ae3cd435c,da8622b14eb17ae2831f4ac5b9dab84a,2018-05-02 22:30:48,129.9,12.0,5fa1f56316f4154109ceb42651385b7c,SP,sao caetano do sul,bed_bath_table,1550.0,46.0,3.0,34.0,13405,piracicaba,SP,141.9,1.0,credit_card,1.0,129.9,141.9,1.0,18,0,17.0,2018,4,Apr,2,2,2018-04,4,Wednesday,2
06a6627d9cc91a04e9d146bf65fee0a2,61449fa1b8b8998c9c3f3a7f0ae954ef,delivered,2017-07-16 10:27:45,2017-07-16 10:35:14,2017-07-18 12:34:04,2017-07-21 19:59:36,2017-08-04,1,996ae0a67e63b78b427a1f8d07543e86,dc4a0fc896dc34b0d5bfec8438291c80,2017-07-20 10:35:14,99.9,13.72,d2f122bc3109d7fb2385daec2d6ef7f7,SP,mairipora,bed_bath_table,1500.0,48.0,6.0,39.0,14940,ibitinga,SP,113.62,1.0,credit_card,4.0,99.9,113.62,5.0,18,0,13.0,2017,7,Jul,3,6,2017-07,7,Sunday,6
5447160f15621601fa9ba2b94f4906b3,9c338ea8093192e203bc16add78c123c,delivered,2017-11-21 12:08:32,2017-11-21 12:40:55,2017-11-22 20:17:08,2017-11-28 20:33:38,2017-12-14,1,461f43be3bdf8844e65b62d9ac2c7a5a,b33e7c55446eabf8fe1a42d037ac7d6d,2017-11-27 12:31:32,146.0,15.77,5179541696b879141c1f0bb532f988c9,PR,curitiba,watches_gifts,444.0,20.0,14.0,16.0,14850,pradopolis,SP,161.77,1.0,credit_card,5.0,146.0,161.77,7.0,22,0,15.0,2017,11,Nov,4,1,2017-11,11,Tuesday,1
01855f880aae9a984c7c33b26fcf2e02,2e068340b3037f667ce3224bd59260af,delivered,2017-10-19 15:08:48,2017-10-19 15:35:35,2017-10-23 13:14:16,2017-10-24 15:57:46,2017-10-31,1,12bc892d6fff0dc42c8177f3665ef00e,e9779976487b77c6d4ac45f75ec7afe9,2017-10-25 15:35:35,39.49,8.27,48d4bf53229ec530405b4e461ae6adb0,SP,sao paulo,health_beauty,100.0,28.0,13.0,12.0,11701,praia grande,SP,95.52,2.0,credit_card,5.0,39.49,47.760000000000005,5.0,11,0,6.0,2017,10,Oct,4,3,2017-10,10,Thursday,3
01855f880aae9a984c7c33b26fcf2e02,2e068340b3037f667ce3224bd59260af,delivered,2017-10-19 15:08:48,2017-10-19 15:35:35,2017-10-23 13:14:16,2017-10-24 15:57:46,2017-10-31,2,12bc892d6fff0dc42c8177f3665ef00e,e9779976487b77c6d4ac45f75ec7afe9,2017-10-25 15:35:35,39.49,8.27,48d4bf53229ec530405b4e461ae6adb0,SP,sao paulo,health_beauty,100.0,28.0,13.0,12.0,11701,praia grande,SP,95.52,2.0,credit_card,5.0,39.49,47.760000000000005,5.0,11,0,6.0,2017,10,Oct,4,3,2017-10,10,Thursday,3
65312c6e4ce03c0fb633a4ac541949d8,228da462edabbbc68e6d265087499705,delivered,2018-07-22 15:19:05,2018-07-23 12:32:22,2018-07-25 10:06:00,2018-08-02 21:08:57,2018-08-13,1,1ebd1450a2b8d51ffda696956426024a,822166ed1e47908f7cfb49946d03c726,2018-08-01 10:20:47,54.99,13.6,be5be2dbad1352c6b4966664a5bb4fe9,RJ,macae,bed_bath_table,300.0,26.0,3.0,21.0,25803,tres rios,RJ,68.59,1.0,credit_card,5.0,54.99,68.59,11.0,21,0,10.0,2018,7,Jul,3,6,2018-07,7,Sunday,6
741fd1b80f015f170a7f458cf86769b8,df5c9e02596851fcbfc98804e4108bbd,delivered,2017-12-02 14:28:03,2017-12-02 14:38:30,2017-12-04 21:54:27,2017-12-11 16:17:04,2018-01-04,1,2b4609f8948be18874494203496bc318,cc419e0650a3c5ba77189a1882b7556a,2017-12-11 14:38:30,89.99,16.39,377bdfb2197d3b83c9e3f9502deabcfb,MG,capelinha,health_beauty,250.0,22.0,10.0,18.0,9015,santo andre,SP,106.38,1.0,credit_card,1.0,89.99,106.38,9.0,32,0,23.0,2017,12,Dec,4,5,2017-12,12,Saturday,5
b16cec67cb3f5a4bb31abe8988b43d19,62ffae18a7ca4b2e681c6296180ae346,delivered,2018-03-26 09:14:26,2018-03-26 09:28:24,2018-03-27 17:21:48,2018-03-29 20:08:43,2018-04-20,1,17efcba3c09566b89c945ef563f381d2,3f9c56764fabca627406093dcb3ef0b4,2018-03-30 09:28:24,129.9,11.77,81cfe11d1b667c768e77b6a9db5fe9b3,RJ,rio de janeiro,sports_leisure,1150.0,46.0,10.0,15.0,22745,rio de janeiro,RJ,141.67,2.0,credit_card,5.0,129.9,141.67000000000002,3.0,24,0,21.0,2018,3,Mar,1,0,2018-03,3,Monday,0
e6190dea235662449d160357e46eaec8,b80feb27fb4955a21bca55fdb039af17,delivered,2018-01-09 06:37:43,2018-01-09 07:27:15,2018-01-09 18:35:02,2018-01-15 14:56:58,2018-02-06,1,c415aad99ee06e0fe8a58c09d3598ef7,4de6e4ba574aa9dfdc824bc44dc47fdd,2018-01-15 07:27:15,69.9,19.98,fe65c76fc3eb742328d1401c521c95b4,SP,osasco,health_beauty,2267.0,22.0,13.0,18.0,83402,colombo,PR,89.88,2.0,credit_card,5.0,69.9,89.88000000000001,6.0,27,0,21.0,2018,1,Jan,1,1,2018-01,1,Tuesday,1
8eeda294fab8a5ed70259afb59a10ff8,6feea03756fd7ef4fb37d8f7e44aaeb9,delivered,2018-02-06 18:25:39,2018-02-07 02:35:40,2018-02-07 22:15:04,2018-02-14 19:07:41,2018-03-08,1,dbb67791e405873b259e4656bf971246,00fc707aaaad2d31347cf883cd2dfe10,2018-02-19 01:35:40,80.9,12.7,2ad3e60daba1700dc116ea525e842f28,PR,curitiba,computers_accessories,207.0,17.0,12.0,13.0,87025,maringa,PR,187.2,1.0,boleto,5.0,80.9,93.6,8.0,29,0,21.0,2018,2,Feb,1,1,2018-02,2,Tuesday,1
8eeda294fab8a5ed70259afb59a10ff8,6feea03756fd7ef4fb37d8f7e44aaeb9,delivered,2018-02-06 18:25:39,2018-02-07 02:35:40,2018-02-07 22:15:04,2018-02-14 19:07:41,2018-03-08,2,dbb67791e405873b259e4656bf971246,00fc707aaaad2d31347cf883cd2dfe10,2018-02-19 01:35:40,80.9,12.7,2ad3e60daba1700dc116ea525e842f28,PR,curitiba,computers_accessories,207.0,17.0,12.0,13.0,87025,maringa,PR,187.2,1.0,boleto,5.0,80.9,93.6,8.0,29,0,21.0,2018,2,Feb,1,1,2018-02,2,Tuesday,1
89165e6d4c28047da0adf13ac8b3e1b3,4924a47e8cd5630b3564e26fac55c5ec,delivered,2018-07-18 13:39:54,2018-07-18 13:50:14,2018-07-24 14:14:00,2018-07-26 18:26:37,2018-07-30,1,5f42d57952b7815098979a5c4fa6f82a,c70c1b0d8ca86052f45a432a38b73958,2018-07-24 13:50:14,110.32,8.03,38eb5d4dcd39b971746632c47a4eb123,SP,guarulhos,health_beauty,150.0,22.0,3.0,15.0,13186,hortolandia,SP,118.35,1.0,credit_card,5.0,110.32,118.35,8.0,11,0,3.0,2018,7,Jul,3,2,2018-07,7,Wednesday,2
f376081d7c5f1767fbc7fae2d19ca32e,d68901955dc622165460ba6cb4ac49f3,delivered,2017-03-28 16:03:34,2017-03-28 16:15:15,2017-03-29 13:23:55,2017-03-31 10:07:25,2017-04-17,1,c7079d23bead81759eb7c670b96728bc,385799a1cddbd26dfeb9157356a42282,2017-04-03 16:15:15,91.99,6.75,daf7dfe5576b8c581e8353aa8608a008,SP,atibaia,sports_leisure,600.0,50.0,12.0,18.0,4676,sao paulo,SP,309.72,1.0,credit_card,5.0,91.99,98.74,2.0,19,0,17.0,2017,3,Mar,1,1,2017-03,3,Tuesday,1
f376081d7c5f1767fbc7fae2d19ca32e,d68901955dc622165460ba6cb4ac49f3,delivered,2017-03-28 16:03:34,2017-03-28 16:15:15,2017-03-29 13:23:55,2017-03-31 10:07:25,2017-04-17,2,04a4e9d8c0dc6b2b4b8e24ea78a8f318,385799a1cddbd26dfeb9157356a42282,2017-04-03 16:15:15,91.99,13.5,daf7dfe5576b8c581e8353aa8608a008,SP,atibaia,sports_leisure,500.0,50.0,12.0,18.0,4676,sao paulo,SP,309.72,1.0,credit_card,5.0,91.99,105.49,2.0,19,0,17.0,2017,3,Mar,1,1,2017-03,3,Tuesday,1
f376081d7c5f1767fbc7fae2d19ca32e,d68901955dc622165460ba6cb4ac49f3,delivered,2017-03-28 16:03:34,2017-03-28 16:15:15,2017-03-29 13:23:55,2017-03-31 10:07:25,2017-04-17,3,04a4e9d8c0dc6b2b4b8e24ea78a8f318,385799a1cddbd26dfeb9157356a42282,2017-04-03 16:15:15,91.99,13.5,daf7dfe5576b8c581e8353aa8608a008,SP,atibaia,sports_leisure,500.0,50.0,12.0,18.0,4676,sao paulo,SP,309.72,1.0,credit_card,5.0,91.99,105.49,2.0,19,0,17.0,2017,3,Mar,1,1,2017-03,3,Tuesday,1
4b87488fb6269f8321508923b95da4d6,e42998ccffc48dc87bf70b37e2d61f33,delivered,2018-06-08 12:19:58,2018-06-08 12:37:01,2018-06-11 08:23:00,2018-06-15 20:58:47,2018-07-05,1,ed739dfa91e2c770354726fe0bf9cc72,57df9869a600bd6b7c405f2a862eccfb,2018-06-15 12:30:36,25.0,13.47,b2d3863477633ff42a3dad9a7dd61cda,MG,espera feliz,housewares,250.0,22.0,5.0,14.0,37540,santa rita do sapucai,MG,38.47,3.0,credit_card,5.0,25.0,38.47,7.0,26,0,19.0,2018,6,Jun,2,4,2018-06,6,Friday,4
e9ce52cd563d0124dced659e69eab10a,9a80c8377644236e27f59e83862f1ae2,delivered,2017-07-10 12:23:05,2017-07-12 02:10:59,2017-07-13 18:35:37,2017-07-17 17:03:47,2017-07-28,1,0efb0a47500c44e05a5930cae12307d4,5dceca129747e92ff8ef7a997dc4f8ca,2017-07-18 02:10:59,259.9,53.01,0a11a4d0e9f9e864f03a7451f0f255b6,SP,piracaia,luggage_accessories,18400.0,53.0,77.0,33.0,13450,santa barbara d´oeste,SP,312.91,1.0,boleto,5.0,259.9,312.91,7.0,17,0,10.0,2017,7,Jul,3,0,2017-07,7,Monday,0
9344ccd01ff5fa7ec2aef0ee7e1c49c3,4fd75fb5ef1f01c7585bf746092a1544,delivered,2018-05-16 16:10:21,2018-05-18 04:54:31,2018-05-21 07:09:00,2018-05-24 19:04:00,2018-06-04,1,058b372f969b59e8c4a27e224243909c,3d871de0142ce09b7081e2b9d1733cb1,2018-05-24 04:54:31,39.0,12.79,cc9cbe91f775a595bcb05af59019b396,SP,lencois paulista,stationery,5650.0,20.0,30.0,20.0,13232,campo limpo paulista,SP,51.79,1.0,boleto,5.0,39.0,51.79,8.0,18,0,10.0,2018,5,May,2,2,2018-05,5,Wednesday,2
f4471dae8c482f51aa1826cd9f5d4433,167b9485947ed0a354a3f8dad04eb199,delivered,2018-07-05 18:40:47,2018-07-05 18:55:15,2018-07-10 15:10:00,2018-07-11 21:16:47,2018-07-19,1,51c59cf09066762ba5740772b0a86215,33ac3e28642ab8bda860a2f693000e78,2018-07-10 18:55:15,104.9,4.39,548a09978548d2e347d494793e34c797,SP,barueri,sports_leisure,350.0,28.0,25.0,25.0,6717,cotia,SP,232.14,8.0,credit_card,1.0,104.9,109.29,6.0,13,0,7.0,2018,7,Jul,3,3,2018-07,7,Thursday,3
f4471dae8c482f51aa1826cd9f5d4433,167b9485947ed0a354a3f8dad04eb199,delivered,2018-07-05 18:40:47,2018-07-05 18:55:15,2018-07-10 15:10:00,2018-07-11 21:16:47,2018-07-19,2,f889fb87b505b73de10c18b93352469f,c70c1b0d8ca86052f45a432a38b73958,2018-07-10 18:55:15,110.32,12.53,548a09978548d2e347d494793e34c797,SP,barueri,health_beauty,150.0,22.0,3.0,15.0,13186,hortolandia,SP,232.14,8.0,credit_card,1.0,110.32,122.85,6.0,13,0,7.0,2018,7,Jul,3,3,2018-07,7,Thursday,3
aeb4c9d05ab11d7c6c9ca24f8c43bd70,fa5c31ea5a141cb29a683b6420f2693a,delivered,2017-09-20 17:12:34,2017-09-21 14:44:35,2017-09-22 17:54:05,2017-09-28 19:47:42,2017-10-18,1,ac480ada5f06d9024eae2c6dd9de4c74,4e06067cc08b3f41d837768d392c3ee3,2017-09-27 14:44:35,7.0,15.79,e63b7e65ecb65d0d1624a564fa2c8cff,GO,santo antonio do descoberto,perfumery,200.0,20.0,7.0,20.0,32604,betim,MG,22.79,1.0,credit_card,2.0,7.0,22.79,8.0,27,0,19.0,2017,9,Sep,3,2,2017-09,9,Wednesday,2
33a3edb84b9df4cb49546859b990ac6d,35ec6c1ca9e5844c5ca94214cce16dca,delivered,2018-02-21 17:15:49,2018-02-22 16:10:41,2018-02-23 22:42:43,2018-03-22 00:03:53,2018-03-16,1,389d119b48cf3043d311335e499d9c6b,1f50f920176fa81dab994f9023523100,2018-02-28 16:10:41,49.9,17.6,b854c56e1163bced9c3ebf1e4a6576f3,MG,juiz de fora,garden_tools,1750.0,37.0,22.0,40.0,15025,sao jose do rio preto,SP,67.5,1.0,debit_card,1.0,49.9,67.5,28.0,22,1,-6.0,2018,2,Feb,1,2,2018-02,2,Wednesday,2
9885fff91f7c807525f8320e5292a3db,83257fb6f3a1edd3a75464178aa3f382,delivered,2018-01-10 14:18:40,2018-01-11 02:48:39,2018-01-12 14:15:26,2018-01-24 23:16:49,2018-01-31,1,6906f6d2bb318a3cbb5351653e93ceb4,6ec1a01e866584bb679eb9b098345919,2018-01-17 02:48:39,126.99,29.68,82ab8d779ce526b08d6b92769be44c49,SP,salesopolis,health_beauty,6150.0,58.0,60.0,16.0,11040,santos,SP,156.67,1.0,boleto,5.0,126.99,156.67,14.0,20,0,6.0,2018,1,Jan,1,2,2018-01,1,Wednesday,2
e7a65190baa4e6fd192246157c0b81fb,7d986867cfcd083f25ad4f692bd2df06,delivered,2017-04-26 16:14:11,2017-04-27 17:22:58,2017-04-28 12:43:07,2017-05-12 14:04:02,2017-05-29,1,b77dd6385638733dd46bf68b093715b7,ef506c96320abeedfb894c34db06f478,2017-05-04 17:22:58,28.99,24.84,ed9fce60567d03fff71f9c06084c998e,PA,paragominas,telephony,150.0,19.0,5.0,11.0,3569,sao paulo,SP,53.83,5.0,credit_card,5.0,28.99,53.83,15.0,32,0,17.0,2017,4,Apr,2,2,2017-04,4,Wednesday,2
62a12e4d2a742b2491d7c00d2d79bf52,b60550c21000f91484c7d2aa2b8c522e,delivered,2017-11-27 19:24:52,2017-11-27 19:39:02,2017-11-28 22:58:14,2017-12-08 15:41:46,2017-12-27,1,2f774e1d1ee6937ae8294771c662066d,b6e1504972665f739dec4facb9943775,2017-12-01 19:39:02,281.99,17.73,311dff8c3112b3ea255ec4871cabaf03,RS,caxias do sul,garden_tools,800.0,40.0,6.0,15.0,13405,piracicaba,SP,299.72,10.0,credit_card,5.0,281.99,299.72,10.0,29,0,19.0,2017,11,Nov,4,0,2017-11,11,Monday,0
90349f264a3d6a2525a34598d09dda6b,d19f254a07da73a055409256e9bfe40a,delivered,2018-05-11 16:35:19,2018-05-12 03:32:26,2018-05-14 15:16:00,2018-05-15 18:38:39,2018-05-21,1,216bb0e0cd43ffd832e0973d35e0377e,955fee9216a65b617aa5c0531780ce60,2018-05-15 03:30:32,45.0,7.39,831a032a3327e2b8325faf9d37953870,SP,americana,construction_tools_lights,200.0,16.0,16.0,16.0,4782,sao paulo,SP,314.34,1.0,boleto,5.0,45.0,52.39,4.0,9,0,5.0,2018,5,May,2,4,2018-05,5,Friday,4
90349f264a3d6a2525a34598d09dda6b,d19f254a07da73a055409256e9bfe40a,delivered,2018-05-11 16:35:19,2018-05-12 03:32:26,2018-05-14 15:16:00,2018-05-15 18:38:39,2018-05-21,2,216bb0e0cd43ffd832e0973d35e0377e,955fee9216a65b617aa5c0531780ce60,2018-05-15 03:30:32,45.0,7.39,831a032a3327e2b8325faf9d37953870,SP,americana,construction_tools_lights,200.0,16.0,16.0,16.0,4782,sao paulo,SP,314.34,1.0,boleto,5.0,45.0,52.39,4.0,9,0,5.0,2018,5,May,2,4,2018-05,5,Friday,4
90349f264a3d6a2525a34598d09dda6b,d19f254a07da73a055409256e9bfe40a,delivered,2018-05-11 16:35:19,2018-05-12 03:32:26,2018-05-14 15:16:00,2018-05-15 18:38:39,2018-05-21,3,216bb0e0cd43ffd832e0973d35e0377e,955fee9216a65b617aa5c0531780ce60,2018-05-15 03:30:32,45.0,7.39,831a032a3327e2b8325faf9d37953870,SP,americana,construction_tools_lights,200.0,16.0,16.0,16.0,4782,sao paulo,SP,314.34,1.0,boleto,5.0,45.0,52.39,4.0,9,0,5.0,2018,5,May,2,4,2018-05,5,Friday,4
90349f264a3d6a2525a34598d09dda6b,d19f254a07da73a055409256e9bfe40a,delivered,2018-05-11 16:35:19,2018-05-12 03:32:26,2018-05-14 15:16:00,2018-05-15 18:38:39,2018-05-21,4,216bb0e0cd43ffd832e0973d35e0377e,955fee9216a65b617aa5c0531780ce60,2018-05-15 03:30:32,45.0,7.39,831a032a3327e2b8325faf9d37953870,SP,americana,construction_tools_lights,200.0,16.0,16.0,16.0,4782,sao paulo,SP,314.34,1.0,boleto,5.0,45.0,52.39,4.0,9,0,5.0,2018,5,May,2,4,2018-05,5,Friday,4
90349f264a3d6a2525a34598d09dda6b,d19f254a07da73a055409256e9bfe40a,delivered,2018-05-11 16:35:19,2018-05-12 03:32:26,2018-05-14 15:16:00,2018-05-15 18:38:39,2018-05-21,5,216bb0e0cd43ffd832e0973d35e0377e,955fee9216a65b617aa5c0531780ce60,2018-05-15 03:30:32,45.0,7.39,831a032a3327e2b8325faf9d37953870,SP,americana,construction_tools_lights,200.0,16.0,16.0,16.0,4782,sao paulo,SP,314.34,1.0,boleto,5.0,45.0,52.39,4.0,9,0,5.0,2018,5,May,2,4,2018-05,5,Friday,4
90349f264a3d6a2525a34598d09dda6b,d19f254a07da73a055409256e9bfe40a,delivered,2018-05-11 16:35:19,2018-05-12 03:32:26,2018-05-14 15:16:00,2018-05-15 18:38:39,2018-05-21,6,216bb0e0cd43ffd832e0973d35e0377e,955fee9216a65b617aa5c0531780ce60,2018-05-15 03:30:32,45.0,7.39,831a032a3327e2b8325faf9d37953870,SP,americana,construction_tools_lights,200.0,16.0,16.0,16.0,4782,sao paulo,SP,314.34,1.0,boleto,5.0,45.0,52.39,4.0,9,0,5.0,2018,5,May,2,4,2018-05,5,Friday,4
95cf9f239f724799131f7ca949209bd9,7251aa758779438faea714941f1051c4,delivered,2018-05-25 08:54:21,2018-05-25 09:16:24,2018-05-28 15:43:00,2018-05-30 15:06:44,2018-06-12,1,7a295e6687ed3e00c8143498115f6ca5,2e1c9f22be269ef4643f826c9e650a52,2018-05-29 09:16:24,89.49,8.39,65ee274b862c5c053367be8a70dbc029,SP,sao paulo,health_beauty,353.0,36.0,6.0,16.0,4850,sao paulo,SP,97.88,1.0,credit_card,5.0,89.49,97.88,5.0,17,0,12.0,2018,5,May,2,4,2018-05,5,Friday,4
04a59fe46fc5aa341da5378c195ed53c,2d8748fb35d51c2fd273ee67fff78b7a,delivered,2017-11-26 09:32:06,2017-11-28 09:35:11,2017-11-28 19:18:52,2017-12-11 19:03:18,2017-12-19,1,2a15783d3cb601f8d9a6a86806b037b3,855668e0971d4dfd7bef1b6a4133b41b,2017-12-04 09:31:11,60.0,15.18,a3d335d8dd759126b58367c6053bb20a,PR,curitiba,baby,600.0,38.0,5.0,33.0,13257,itatiba,SP,75.18,1.0,credit_card,5.0,60.0,75.18,15.0,22,0,7.0,2017,11,Nov,4,6,2017-11,11,Sunday,6
86b37610c0e86e94afe3d5ba4b73fa14,86ff82570097f39b2193254f540e4a69,delivered,2017-11-17 21:14:42,2017-11-22 02:49:29,2017-11-22 17:37:09,2017-12-05 20:23:33,2017-12-20,1,77ccbcf251886c8b83676fc918e7336c,f789d2c4f2c2eb38fc4373e7a4b35264,2017-11-28 02:49:29,49.99,25.66,2f97fb04ba09cfa05b9e3b3af4e8e247,MT,gaucha do norte,pet_shop,200.0,27.0,9.0,26.0,36010,juiz de fora,MG,161.3,1.0,boleto,5.0,49.99,75.65,17.0,32,0,15.0,2017,11,Nov,4,4,2017-11,11,Friday,4
86b37610c0e86e94afe3d5ba4b73fa14,86ff82570097f39b2193254f540e4a69,delivered,2017-11-17 21:14:42,2017-11-22 02:49:29,2017-11-22 17:37:09,2017-12-05 20:23:33,2017-12-20,2,1e56c680b07833e85fec6904b2c7e4b8,f789d2c4f2c2eb38fc4373e7a4b35264,2017-11-28 02:49:29,59.99,25.66,2f97fb04ba09cfa05b9e3b3af4e8e247,MT,gaucha do norte,pet_shop,200.0,27.0,9.0,26.0,36010,juiz de fora,MG,161.3,1.0,boleto,5.0,59.99,85.65,17.0,32,0,15.0,2017,11,Nov,4,4,2017-11,11,Friday,4
5c2d1d55c31db1cbe069dc9b6454b897,15bea20cd005ed59d34db54c6b32ec98,delivered,2018-07-23 18:27:07,2018-07-24 10:32:48,2018-07-25 14:10:00,2018-08-01 19:31:47,2018-08-10,1,cdd914e78124a73cc28a165cfc4a0bbc,ba143b05f0110f0dc71ad71b4466ce92,2018-07-27 09:17:32,93.99,23.46,02c639f8dd288caf7cc6dc66513c23b3,MG,dores do indaia,books_technical,1800.0,29.0,3.0,21.0,2274,sao paulo,SP,117.45,4.0,credit_card,5.0,93.99,117.45,9.0,17,0,8.0,2018,7,Jul,3,0,2018-07,7,Monday,0
1d067305b599c1e0dceb3864056ea527,0489975a325480c9e385e9f135bb13c3,delivered,2018-02-14 13:05:17,2018-02-14 13:15:38,2018-02-20 20:12:57,2018-03-09 21:52:36,2018-03-09,1,2a2d22ae30e026f1893083c8405ca522,1a3df491d1c4f1589fc2b934ada68bf2,2018-02-22 12:15:38,148.9,21.53,b577af9a54b023b4bcc51f69bb937f1c,SP,franca,bed_bath_table,8350.0,50.0,27.0,38.0,89224,joinville,SC,170.43,5.0,credit_card,5.0,148.9,170.43,23.0,22,1,-1.0,2018,2,Feb,1,2,2018-02,2,Wednesday,2
abc5ec9ecaec740b498a37f19c29a8c0,85aa7dc7ea24c96b5ac7864f13922495,delivered,2017-04-30 22:43:56,2017-04-30 22:55:09,2017-05-02 13:58:16,2017-05-12 12:04:38,2017-06-05,1,303719bf7adc0897358c3dcc3c7a6190,bacb1f0ed56ad24198f5810d2b3fe9a5,2017-05-04 22:55:09,119.9,21.16,22be41ad7d58c7774c6e036348a042d0,RS,nao-me-toque,toys,2100.0,47.0,37.0,15.0,12328,jacarei,SP,141.06,1.0,credit_card,3.0,119.9,141.06,11.0,35,0,24.0,2017,4,Apr,2,6,2017-04,4,Sunday,6
c3cb4c7c4b963ab08b07a5dca5baf05d,38ccd077e65d89b8a720be73bfaa9c6f,delivered,2017-05-15 16:29:03,2017-05-16 03:35:16,2017-05-17 09:24:51,2017-05-23 12:51:55,2017-06-08,1,9a5a361f3cd6c280f6bf4ffb6207c51e,aba1721a889e04decc910aa13b768ef4,2017-05-22 03:35:16,119.0,15.58,4521ca49d47fa50f2b98f0c71cbf5ae7,RS,trindade do sul,stationery,200.0,23.0,7.0,15.0,5729,sao paulo,SP,134.58,1.0,boleto,5.0,119.0,134.58,7.0,23,0,16.0,2017,5,May,2,0,2017-05,5,Monday,0
af66c46c49bdb3bf2f862efb1eb67d81,9e3a06f863456c3934b9d26037c119cd,delivered,2017-07-22 19:16:47,2017-07-22 19:25:18,2017-07-25 19:14:13,2017-07-31 18:17:45,2017-08-11,1,f1d116eef76f1c526a5f2c5ce1daeaeb,cd68562d3f44870c08922d380acae552,2017-07-27 19:25:18,48.0,11.85,d2c89ba54e6cf93abd4ea9bb9e9fbf73,SP,lencois paulista,telephony,200.0,16.0,14.0,15.0,14050,ribeirao preto,SP,59.85,1.0,credit_card,5.0,48.0,59.85,8.0,19,0,11.0,2017,7,Jul,3,5,2017-07,7,Saturday,5
14e6e050a57912543937e93051cc7b2c,d006bd8339ac9891923132af6408f557,delivered,2018-06-24 19:01:52,2018-06-24 19:20:23,2018-06-25 15:57:00,2018-06-28 13:03:08,2018-07-27,1,3940247162a820eff119efe47b02182f,82cb9f452fe8334df74b22d37824b431,2018-06-28 19:20:23,49.1,19.53,50f99f56ab935ac45c6f1cd4c0bfbe2a,SP,itu,small_appliances,518.0,29.0,19.0,23.0,95013,caxias do sul,RS,68.63,1.0,credit_card,4.0,49.1,68.63,3.0,32,0,29.0,2018,6,Jun,2,6,2018-06,6,Sunday,6
cefa8ee1540139ac77fa0c1b4ff1f04b,3b9388d1014c8090f77595c5e9f2ce94,delivered,2018-07-02 12:54:20,2018-07-02 13:10:15,2018-07-03 15:04:00,2018-07-06 11:52:07,2018-07-25,1,092be1e8336fc404c57bd5970d056886,cbd996ad3c1b7dc71fd0e5f5df9087e2,2018-07-04 13:10:15,66.39,19.66,9e0c06f4607e8d1c8b1bb5419446c5b9,PR,curitiba,food,750.0,16.0,12.0,15.0,15081,sao jose do rio preto,SP,86.05,1.0,credit_card,5.0,66.39,86.05,3.0,22,0,19.0,2018,7,Jul,3,0,2018-07,7,Monday,0
265f4e28ef8cf69f8445e2951bbe7343,c572fd6cdd98e87ea2bc433b6da21078,delivered,2017-03-06 00:14:28,2017-03-06 00:33:11,2017-03-06 09:54:32,2017-03-20 09:28:56,2017-04-11,1,7e0dc102074f8285580c9777f79c90cf,e26901d5ab434ce92fd9b5c256820a4e,2017-03-15 00:33:11,39.9,24.84,3e45b1d69bfaf0b7963cbb9dd00196f7,RO,ariquemes,garden_tools,800.0,30.0,10.0,30.0,9350,maua,SP,64.74,1.0,credit_card,4.0,39.9,64.74,14.0,35,0,21.0,2017,3,Mar,1,0,2017-03,3,Monday,0
34276839abbc2d596eb36540d36c624c,6968ea6ff6368619de4d031a15d5c9a6,delivered,2017-10-04 23:02:21,2017-10-04 23:14:17,2017-10-05 18:37:19,2017-10-20 16:18:59,2017-11-09,1,83b00325c13c44245b2c3a2befa62a0e,ad781527c93d00d89a11eecd9dcad7c1,2017-10-10 23:14:17,159.99,57.79,8051546e4730145100f73eb919000a81,RS,osorio,baby,10700.0,40.0,40.0,40.0,15015,sao jose do rio preto,SP,217.78,5.0,credit_card,5.0,159.99,217.78,15.0,35,0,20.0,2017,10,Oct,4,2,2017-10,10,Wednesday,2
556bbf53c2c22fbb9ef31a414dd444a6,5883f965ac70043c2e908c3657c5d548,delivered,2017-12-21 17:43:41,2017-12-21 17:56:24,2017-12-26 16:59:04,2018-01-04 21:56:01,2018-01-22,1,9e2d3a8d8ffad53e2e35282a2020221c,1da366cade6d8276e7d8beea7af5d4bf,2017-12-28 17:56:24,49.9,17.6,d0db8f74fe8af2b92d1e7159472874f0,DF,brasilia,furniture_decor,1600.0,35.0,6.0,32.0,36500,uba,MG,67.5,6.0,credit_card,4.0,49.9,67.5,14.0,31,0,17.0,2017,12,Dec,4,3,2017-12,12,Thursday,3
b2bd1f09c1b8a4a36940f6f6e49d5dec,8ed14e450a6268ec13f325e7c2eafeed,delivered,2018-02-02 16:15:41,2018-02-02 16:36:26,2018-02-06 01:28:26,2018-02-20 18:09:29,2018-03-07,1,eef7436637ac87cad6bf5108284c3413,b33e7c55446eabf8fe1a42d037ac7d6d,2018-02-08 16:31:38,199.0,16.14,f1e0cfbcfd9aebd6d003f6667551a9ae,SC,blumenau,watches_gifts,342.0,18.0,12.0,16.0,14850,pradopolis,SP,215.14,1.0,voucher,5.0,199.0,215.14,18.0,32,0,14.0,2018,2,Feb,1,4,2018-02,2,Friday,4
e69e2290db6b2d3b7593a40112e1a82a,3a017955f82b5bf61bb51aec865a01ca,delivered,2018-06-01 11:26:06,2018-06-02 03:15:28,2018-06-04 13:08:00,2018-06-05 17:44:39,2018-07-04,1,6d68112743e7ed2de3932554b033f544,0d33a55da925bbf1ff02af5f6059fc7f,2018-06-11 03:15:28,28.0,25.34,ab93bfed86e2417198d66cf58945442e,SP,aruja,books_technical,500.0,90.0,11.0,11.0,5632,sao paulo,SP,126.67,1.0,boleto,5.0,28.0,53.34,4.0,32,0,28.0,2018,6,Jun,2,4,2018-06,6,Friday,4
e69e2290db6b2d3b7593a40112e1a82a,3a017955f82b5bf61bb51aec865a01ca,delivered,2018-06-01 11:26:06,2018-06-02 03:15:28,2018-06-04 13:08:00,2018-06-05 17:44:39,2018-07-04,2,fde90f06296b26995fd0de6f16610d70,8bb48dc19fccaa8613b6229bf7f452a2,2018-06-11 03:15:28,47.99,25.34,ab93bfed86e2417198d66cf58945442e,SP,aruja,costruction_tools_garden,1650.0,22.0,14.0,14.0,19803,assis,SP,126.67,1.0,boleto,5.0,47.99,73.33,4.0,32,0,28.0,2018,6,Jun,2,4,2018-06,6,Friday,4
c8627adf430caff83161acbeb344d8f5,078d86e7bf40b188f0e5ed6d866c21c4,delivered,2018-08-09 16:23:03,2018-08-09 17:30:25,2018-08-10 12:32:00,2018-08-14 19:12:05,2018-08-21,1,8c66104d520634a3b6e20c1f326767de,c864036feaab8c1659f65ea4faebe1da,2018-08-14 17:30:25,229.9,55.69,0319cd43072df023584a1fa0a94d45ce,SP,mogi das cruzes,sports_leisure,9350.0,105.0,15.0,28.0,83605,campo largo,PR,285.59,1.0,credit_card,5.0,229.9,285.59000000000003,5.0,11,0,6.0,2018,8,Aug,3,3,2018-08,8,Thursday,3
1370fae9b19ee5e01a2d609eb18b7c8a,22eb8142d6313bab19fa6c657170ae6b,delivered,2017-11-15 13:47:34,2017-11-15 13:55:31,2017-11-17 15:12:12,2017-12-06 01:12:12,2017-12-14,1,a50acd33ba7a8da8e9db65094fa990a4,8581055ce74af1daba164fdbd55a40de,2017-11-21 13:55:31,117.3,28.2,66d7c05de70168738de8f6f8b5adce82,BA,serra do ramalho,auto,4105.0,67.0,10.0,67.0,7112,guarulhos,SP,145.5,8.0,credit_card,4.0,117.3,145.5,20.0,28,0,8.0,2017,11,Nov,4,2,2017-11,11,Wednesday,2
a7cd6af6e0519313887b3c3a120f20ca,a559b10d4f093640a0ed4693ce16ed02,delivered,2018-04-26 11:59:05,2018-04-26 12:11:18,2018-04-27 11:49:00,2018-05-03 02:52:58,2018-05-07,1,4b703444923b5e57bb73ba343f5ebab7,42b729f859728f5079499127a9c2ef37,2018-05-03 12:11:18,35.9,7.39,9ed19e34d278749a58db6f4659f679b1,SP,osasco,bed_bath_table,264.0,17.0,14.0,16.0,3910,sao paulo,SP,43.29,4.0,credit_card,5.0,35.9,43.29,6.0,10,0,4.0,2018,4,Apr,2,3,2018-04,4,Thursday,3
663830a477534735bbdec9de01113fa2,c1ddb7521d14db9071dccad0a94305c2,delivered,2018-07-15 12:37:12,2018-07-16 12:30:53,2018-07-16 14:33:00,2018-07-23 23:56:47,2018-08-13,1,6a8631b72a2f8729b91514db87e771c0,128639473a139ac0f3e5f5ade55873a5,2018-07-26 12:30:53,24.9,13.51,fe22f09401a6af700ab66fac2edbea15,SP,sao paulo,electronics,100.0,17.0,6.0,11.0,87050,maringa,PR,38.41,1.0,credit_card,5.0,24.9,38.41,8.0,28,0,20.0,2018,7,Jul,3,6,2018-07,7,Sunday,6
b2f3763408103bc7173bb36ed02dbeea,d0e6cb83a3fc27f56be011b2941f54c6,delivered,2018-05-30 22:33:08,2018-05-30 22:55:45,2018-06-11 14:44:00,2018-06-18 23:07:33,2018-07-16,1,1b88c133317c3f2b8c53b6048f2dc8b6,54965bbe3e4f07ae045b90b0b8541f52,2018-06-07 22:55:45,359.9,42.59,e1858db871ca0cea6d07b5413f450048,MG,belo horizonte,bed_bath_table,6200.0,20.0,30.0,30.0,85851,foz do iguacu,PR,402.49,1.0,credit_card,5.0,359.9,402.49,19.0,46,0,27.0,2018,5,May,2,2,2018-05,5,Wednesday,2
0dad6beca7ed0e352668498c29089900,2528510465c7572dedee4431a7d52e08,delivered,2017-12-02 14:08:33,2017-12-02 14:17:20,2017-12-08 21:21:12,2017-12-13 09:44:38,2017-12-27,1,cfc4861ae14c9e9e7679355f863c18d4,e5e33c0d8e7e002f398f5dc4cbbb338f,2017-12-07 14:17:20,98.7,12.19,52a7fb2dfa60628b04619fa279d3e27c,SP,aracatuba,auto,150.0,23.0,3.0,16.0,17032,bauru,SP,110.89,6.0,credit_card,5.0,98.7,110.89,10.0,24,0,14.0,2017,12,Dec,4,5,2017-12,12,Saturday,5
93ec3e2c9a4beee38c28973d307093e1,330ca6b207006779da875ef48faef608,delivered,2018-03-29 14:27:41,2018-03-29 14:35:21,2018-04-04 23:16:22,2018-04-06 22:52:39,2018-04-11,1,7ae5c4294636a8ccd3d8574daa6d7d21,17a053fcb14bd219540cbde0df490be0,2018-04-04 14:35:21,179.9,24.55,c3fcf3b664801fe10c4d9f62ac72b21a,SP,sao paulo,office_furniture,12700.0,58.0,20.0,58.0,13843,mogi guacu,SP,204.45,3.0,credit_card,1.0,179.9,204.45,8.0,12,0,4.0,2018,3,Mar,1,3,2018-03,3,Thursday,3
5561adcb0fd46da4cad3048fa4e7fc00,819b0aa9b717f6d78c0f72211bafebe3,delivered,2018-06-25 15:36:18,2018-06-25 15:58:17,2018-06-26 14:58:00,2018-06-27 17:18:42,2018-07-11,1,4d071a22b9cc548b64a75075a4c63151,131fcb0a0c9a47bba4474aacff0f14b7,2018-07-02 15:58:17,99.9,9.45,87d406e4698a66118241f1f4a407ee03,SP,sao paulo,home_appliances,750.0,22.0,7.0,22.0,1201,sao paulo,SP,109.35,1.0,credit_card,5.0,99.9,109.35,2.0,15,0,13.0,2018,6,Jun,2,0,2018-06,6,Monday,0
6245ae0abd9de1ae647b5da78c0ea69b,d68585c54450af4bfc04cc6cccbcd607,delivered,2017-09-11 07:54:38,2017-09-11 08:10:08,2017-09-13 18:22:19,2017-09-16 16:12:24,2017-09-27,1,8d1cfc0463b545928bfb4e589e017bd4,aae3bfea055532c57fb453ed3ec80b30,2017-09-15 08:10:08,62.8,11.94,fbe53ee8a67e9fbf5cdb52d888701527,SP,jau,market_place,175.0,17.0,10.0,19.0,9271,santo andre,SP,74.74,1.0,credit_card,3.0,62.8,74.74,5.0,15,0,10.0,2017,9,Sep,3,0,2017-09,9,Monday,0
ce9feeba53c652dd6569cca62e2bb287,f7398fc942c8fa80e5419ae52e49f7fb,delivered,2018-04-15 19:42:06,2018-04-15 19:55:20,2018-04-19 14:32:30,2018-04-20 23:12:11,2018-04-26,1,28b5fef7b6d63771e9784bc68c783793,d91fb3b7d041e83b64a00a3edfb37e4f,2018-04-19 19:55:20,45.0,11.86,d01cf8c6c7c836c5dd9320585928f42b,SP,barueri,home_appliances,1500.0,65.0,8.0,38.0,11704,praia grande,SP,56.86,1.0,credit_card,2.0,45.0,56.86,5.0,10,0,5.0,2018,4,Apr,2,6,2018-04,4,Sunday,6
565923f847aad52e7638eb189cce3b51,a2cb2bc236e62cf807925d6cecc245c6,delivered,2018-01-13 08:19:23,2018-01-13 08:29:22,2018-01-15 22:55:00,2018-01-23 18:22:46,2018-02-15,1,7fb04722aba7a2b632bac8f9819796f3,f3b80352b986ab4d1057a4b724be19d0,2018-01-18 08:29:22,80.0,17.81,41a1e8124bbc0d73734103301fdd4115,MG,governador valadares,health_beauty,1850.0,24.0,36.0,23.0,71200,brasilia,DF,97.81,1.0,credit_card,5.0,80.0,97.81,10.0,32,0,22.0,2018,1,Jan,1,5,2018-01,1,Saturday,5
36ebb4199031e72a1fa964549b88c377,eecf2b94cdbe9ef6245fabb5e091c987,delivered,2018-04-04 08:39:50,2018-04-04 08:50:15,2018-04-07 00:49:39,2018-04-16 23:35:26,2018-05-02,1,e7db7c40ea6647c808d48581f1308d88,1d8dbc4f32378d715c717c1c1fc57bae,2018-04-10 08:50:15,109.9,23.35,94819c1119bcbb29d414ac33b904e82d,SP,itapeva,baby,9400.0,75.0,15.0,50.0,86706,arapongas,PR,133.25,1.0,voucher,5.0,109.9,133.25,12.0,27,0,15.0,2018,4,Apr,2,2,2018-04,4,Wednesday,2
232b75e8b6faa6ca2063184414e634a7,0a11cb0fb65032da800b780afcc1a1b7,delivered,2017-09-26 12:32:39,2017-09-27 03:35:03,2017-10-04 08:03:59,2017-10-09 18:32:42,2017-10-20,1,952670bc019a73f0933157ec82ff6e4f,37be5a7c751166fbc5f8ccba4119e043,2017-10-04 03:35:03,159.0,21.95,b91094129b0c7e78a2d312269365968e,PR,curitiba,bed_bath_table,3300.0,60.0,18.0,50.0,4248,sao paulo,SP,180.95,1.0,boleto,5.0,159.0,180.95,13.0,23,0,10.0,2017,9,Sep,3,1,2017-09,9,Tuesday,1
ee990334acb0ff9333b01afa465f3006,a8331c35b57d8fe09e8df1c06509de29,delivered,2018-02-28 17:00:28,2018-03-02 02:10:55,2018-03-02 22:18:35,2018-03-22 10:18:36,2018-04-02,1,672e757f331900b9deea127a2a7b79fd,e59aa562b9f8076dd550fcddf0e73491,2018-03-08 02:10:55,410.0,35.32,5e965d35ef2083367ff713df75fa6f16,MT,porto alegre do norte,agro_industry_and_commerce,2650.0,30.0,30.0,20.0,82810,curitiba,PR,445.32,1.0,boleto,4.0,410.0,445.32,21.0,32,0,11.0,2018,2,Feb,1,2,2018-02,2,Wednesday,2
780fe22baa36991bdbb1559f5b549596,e1862648f338ecaf4242e8e2b59126ca,delivered,2017-04-22 19:26:47,2017-04-22 19:41:06,2017-04-24 11:04:27,2017-04-28 14:37:16,2017-05-15,1,4bb4fb9c85785b75ab4f6559900c7ca1,ef506c96320abeedfb894c34db06f478,2017-04-27 19:41:06,37.99,14.52,2e3c3bce0bc8cca5d8e987d047e64d8b,MG,joao pinheiro,telephony,150.0,19.0,4.0,20.0,3569,sao paulo,SP,52.51,5.0,credit_card,5.0,37.99,52.510000000000005,5.0,22,0,17.0,2017,4,Apr,2,5,2017-04,4,Saturday,5
58ac1947c1a9067b9f416cba6d844a3f,ee8e1d37f563ecc11cc4dcb4dfd794c2,delivered,2017-09-13 09:18:50,2017-09-13 13:45:43,2017-09-14 21:20:03,2017-09-21 21:16:17,2017-09-25,1,9820e04e332fc450d6fd975befc1bc28,520b493b57809f446cb0a233bb3e25c7,2017-09-19 13:45:43,110.0,14.16,5cbf29b2dcf212a6a5d864b887238c72,SP,sao paulo,unknown,10800.0,40.0,40.0,30.0,11075,santos,SP,124.16,5.0,credit_card,5.0,110.0,124.16,8.0,11,0,3.0,2017,9,Sep,3,2,2017-09,9,Wednesday,2
ba4ddff2b9082f079de9a84d7a5605fd,fbfba770bf13f470f63d1854a765a2d3,delivered,2018-01-18 09:30:54,2018-01-18 09:38:30,2018-01-18 23:43:46,2018-01-20 17:56:44,2018-02-02,1,58a84286399d234f7234d54d9daf6418,a416b6a846a11724393025641d4edd5e,2018-01-24 09:38:30,52.39,13.08,213ce7ea2a0345a65b4045cf55be42d8,SP,sao paulo,health_beauty,2450.0,30.0,12.0,16.0,3702,sao paulo,SP,65.47,1.0,credit_card,5.0,52.39,65.47,2.0,14,0,12.0,2018,1,Jan,1,3,2018-01,1,Thursday,3
75351e48296ef42211a0b80c427aae57,cf9e2b07f78cce347089900f49fb4746,delivered,2017-03-14 16:25:43,2017-03-14 16:25:43,2017-03-30 13:22:17,2017-04-03 13:37:42,2017-04-10,1,28f2e74ecd7f12eab02ca9b3c2bd9c5f,ca3bd7cd9f149df75950150d010fe4a2,2017-03-28 16:25:43,87.37,10.79,cab5ecc01e69aac95f48b619eb40a882,SP,sao paulo,housewares,1100.0,16.0,20.0,26.0,4361,sao paulo,SP,98.16,1.0,boleto,4.0,87.37,98.16,19.0,26,0,7.0,2017,3,Mar,1,1,2017-03,3,Tuesday,1
64a2b20e6611bf80d933549f4c45ad84,de62761e79f4ae4169cab45ed5f36026,delivered,2017-12-20 12:30:40,2017-12-21 02:11:52,2017-12-22 20:41:54,2018-01-09 15:44:20,2018-01-19,1,044f05bc9de36e8a693a83e4bc79dd0d,ea8482cd71df3c1969d7b9473ff13abc,2017-12-28 02:11:52,24.99,15.79,6f19cd82c9d4d5b80bd8fbd24e600576,MT,varzea grande,telephony,300.0,17.0,4.0,12.0,4160,sao paulo,SP,40.78,1.0,boleto,5.0,24.99,40.78,20.0,29,0,9.0,2017,12,Dec,4,2,2017-12,12,Wednesday,2
775130c792f4c6460c63162e994a1114,d4cd9729eeca5306a2c039fe6e55601e,delivered,2017-12-04 17:24:57,2017-12-04 18:30:29,2017-12-05 16:09:06,2017-12-11 18:52:10,2018-01-04,1,99b4596b82b6f75d453160c9c75e01f4,6bbcb8924baf70b7fe2fe2097e8cd407,2017-12-15 18:04:01,257.6,15.67,8689753ac05594f16b97e8bd556b50b0,PR,curitiba,party_supplies,1550.0,23.0,17.0,18.0,89031,blumenau,SC,273.27,2.0,credit_card,5.0,257.6,273.27000000000004,7.0,30,0,23.0,2017,12,Dec,4,0,2017-12,12,Monday,0
b0928556a10706af462ca2ab2c91903b,0b9e85491c194a97516c87f30a93abfa,delivered,2018-08-03 22:23:06,2018-08-03 22:35:17,2018-08-06 13:40:00,2018-08-14 18:16:42,2018-08-23,1,59a5c66f3c04b01ccdb9362174f6ecdf,a56a8043ebf66e42119618fb8cf232c6,2018-08-08 22:35:17,83.0,23.73,cf50302e77f7141c5923c3bc84ceffaf,MG,muriae,computers_accessories,650.0,17.0,11.0,11.0,89219,joinville,SC,106.73,1.0,credit_card,5.0,83.0,106.73,10.0,19,0,9.0,2018,8,Aug,3,4,2018-08,8,Friday,4
5487a8ac1699754d975f853ce8bb9321,a51b373c427132a77b112ca10f502c4f,delivered,2018-03-29 14:29:44,2018-04-03 05:48:50,2018-04-04 01:13:40,2018-04-08 16:22:04,2018-04-20,1,73e0db4719016f90a37238ca8e5a1cab,11305281b50fff20ae8bb473f8e11876,2018-04-11 05:48:50,159.99,27.2,995fe9426f030109b1614044edaf46d9,SP,sao paulo,home_confort,3050.0,20.0,30.0,46.0,36500,uba,MG,187.19,1.0,boleto,3.0,159.99,187.19,10.0,21,0,11.0,2018,3,Mar,1,3,2018-03,3,Thursday,3
00571ded73b3c061925584feab0db425,3c628393675b42c6b5ef89461f68ecef,delivered,2017-05-18 20:59:24,2017-05-18 21:10:16,2017-05-22 15:50:30,2017-05-30 09:12:44,2017-06-12,1,8695c431b31927efef5343e675f279e7,fe2032dab1a61af8794248c8196565c9,2017-05-25 21:10:16,179.9,15.01,106106992030e0d83e6f1bc9d4054070,MG,belo horizonte,perfumery,450.0,23.0,8.0,15.0,13030,campinas,SP,389.82,4.0,credit_card,5.0,179.9,194.91,11.0,24,0,13.0,2017,5,May,2,3,2017-05,5,Thursday,3
00571ded73b3c061925584feab0db425,3c628393675b42c6b5ef89461f68ecef,delivered,2017-05-18 20:59:24,2017-05-18 21:10:16,2017-05-22 15:50:30,2017-05-30 09:12:44,2017-06-12,2,8695c431b31927efef5343e675f279e7,fe2032dab1a61af8794248c8196565c9,2017-05-25 21:10:16,179.9,15.01,106106992030e0d83e6f1bc9d4054070,MG,belo horizonte,perfumery,450.0,23.0,8.0,15.0,13030,campinas,SP,389.82,4.0,credit_card,5.0,179.9,194.91,11.0,24,0,13.0,2017,5,May,2,3,2017-05,5,Thursday,3
74ebfa44a323c96a7760bd693d690a3d,13fd7ce9f08449dec2533119379a2527,delivered,2017-06-16 00:22:49,2017-06-16 00:35:26,2017-06-16 15:37:52,2017-06-26 13:49:52,2017-07-18,1,7d1fc7d682f6a5c8e47437e3540f4415,376a891762bbdecbc02b4b6adec3fdda,2017-06-22 00:35:26,359.5,33.96,6110fc2216f14d1efaa683050a262e90,ES,serra,cool_stuff,3400.0,37.0,27.0,22.0,74323,goiania,GO,393.46,10.0,credit_card,5.0,359.5,393.46,10.0,31,0,21.0,2017,6,Jun,2,4,2017-06,6,Friday,4
37104fd8b73d0691fda9491fe8906808,328d7a69cb9cbaf088eed3ed778804bb,delivered,2017-07-05 09:16:49,2017-07-07 02:50:37,2017-07-07 21:03:12,2017-07-17 17:23:48,2017-08-07,1,1dceebcc5f23c02ea23e16d5bedca000,4e922959ae960d389249c378d1c939f5,2017-07-18 02:50:37,45.0,16.11,92f65b75e3c4a45c14f410b4aac4db69,RS,mato leitao,cds_dvds_musicals,550.0,35.0,15.0,25.0,12327,jacarei,SP,122.22,1.0,boleto,4.0,45.0,61.11,12.0,32,0,20.0,2017,7,Jul,3,2,2017-07,7,Wednesday,2
37104fd8b73d0691fda9491fe8906808,328d7a69cb9cbaf088eed3ed778804bb,delivered,2017-07-05 09:16:49,2017-07-07 02:50:37,2017-07-07 21:03:12,2017-07-17 17:23:48,2017-08-07,2,1dceebcc5f23c02ea23e16d5bedca000,4e922959ae960d389249c378d1c939f5,2017-07-18 02:50:37,45.0,16.11,92f65b75e3c4a45c14f410b4aac4db69,RS,mato leitao,cds_dvds_musicals,550.0,35.0,15.0,25.0,12327,jacarei,SP,122.22,1.0,boleto,4.0,45.0,61.11,12.0,32,0,20.0,2017,7,Jul,3,2,2017-07,7,Wednesday,2
b6b3633f97c686d8e188ac6fa29ff20d,8d3d362741da05c706eb55001bdfa1b9,delivered,2018-07-27 12:45:51,2018-07-27 13:04:20,2018-08-02 13:33:00,2018-08-06 17:20:53,2018-08-17,1,de89f330c497e12d2510c2cd2a48a29f,240b9776d844d37535668549a396af32,2018-08-06 13:04:20,679.0,19.85,71570c9b76f11df814726260cf634fb8,SP,sao paulo,telephony,605.0,16.0,14.0,16.0,24120,niteroi,RJ,698.85,7.0,credit_card,2.0,679.0,698.85,10.0,20,0,10.0,2018,7,Jul,3,4,2018-07,7,Friday,4
37e32b54f25d2472acbc642f7e539a36,0f5b40f9925b49675464fb74869c6547,delivered,2017-07-08 14:12:08,2017-07-08 14:25:09,2017-07-11 14:36:51,2017-07-17 20:39:33,2017-08-03,1,617186c3d97ea56c9c683a8a3974e8c1,cc419e0650a3c5ba77189a1882b7556a,2017-07-17 14:25:09,84.99,14.34,071bb277b0146da77fac31e70657815e,RJ,rio de janeiro,perfumery,550.0,21.0,12.0,20.0,9015,santo andre,SP,99.33,4.0,credit_card,5.0,84.99,99.33,9.0,25,0,16.0,2017,7,Jul,3,5,2017-07,7,Saturday,5
43d88b0e949865904334dd5b3ca63f50,aa601b3c45980c0918042d5ca7a25054,delivered,2018-03-15 16:59:11,2018-03-15 17:15:42,2018-03-19 15:03:06,2018-03-20 16:13:27,2018-04-02,1,2028bf1b01cafb2d2b1901fca4083222,cc419e0650a3c5ba77189a1882b7556a,2018-03-26 17:15:42,49.99,8.29,1006daf2f4f3b40848bdb64d356b4b39,SP,itapevi,perfumery,250.0,20.0,8.0,21.0,9015,santo andre,SP,58.28,2.0,credit_card,4.0,49.99,58.28,4.0,17,0,13.0,2018,3,Mar,1,3,2018-03,3,Thursday,3
5e99f3c445038a0709b2aea8e34ed593,243ee97e01766bf68c3e30f0fe572490,delivered,2017-06-25 19:30:09,2017-06-25 19:45:10,2017-06-26 18:41:35,2017-07-04 10:51:55,2017-07-14,1,42a2c92a0979a949ca4ea89ec5c7b934,813348c996469b40f2e028d5429d3495,2017-06-29 19:45:10,59.9,17.13,2c613e1daa937ba2dda45140c410f48f,SP,varzea paulista,housewares,7000.0,26.0,47.0,27.0,13206,jundiai,SP,77.03,1.0,credit_card,4.0,59.9,77.03,8.0,18,0,10.0,2017,6,Jun,2,6,2017-06,6,Sunday,6
f61b61c2cbb4192ccaf9c2c76a4cc971,525125633cfc0f64d4a991240953f2b5,delivered,2018-02-28 21:27:43,2018-02-28 21:48:27,2018-03-07 01:38:40,2018-03-09 13:46:21,2018-03-13,1,74e47bd907dc11882c23f4c4ce14031f,87142160b41353c4e5fca2360caf6f92,2018-03-06 21:48:27,39.99,9.74,04e1ad29192c7d23646272968393bf36,RS,farroupilha,computers_accessories,350.0,20.0,15.0,20.0,90230,porto alegre,RS,49.73,1.0,credit_card,3.0,39.99,49.73,8.0,12,0,4.0,2018,2,Feb,1,2,2018-02,2,Wednesday,2
6d7de866a140b19d09e825b2a4e944c7,9e5ce657315b2bdb94033a494041ac25,delivered,2018-04-16 21:07:16,2018-04-16 22:10:15,2018-04-17 20:54:27,2018-04-24 20:38:55,2018-05-15,1,aca2eb7d00ea1a7b8ebd4e68314663af,955fee9216a65b617aa5c0531780ce60,2018-04-22 22:10:15,69.9,0.0,51cbfa44126505de7a55fb99ba49648b,SC,palhoca,furniture_decor,2600.0,50.0,10.0,30.0,4782,sao paulo,SP,139.8,1.0,credit_card,2.0,69.9,69.9,7.0,28,0,21.0,2018,4,Apr,2,0,2018-04,4,Monday,0
6d7de866a140b19d09e825b2a4e944c7,9e5ce657315b2bdb94033a494041ac25,delivered,2018-04-16 21:07:16,2018-04-16 22:10:15,2018-04-17 20:54:27,2018-04-24 20:38:55,2018-05-15,2,aca2eb7d00ea1a7b8ebd4e68314663af,955fee9216a65b617aa5c0531780ce60,2018-04-22 22:10:15,69.9,0.0,51cbfa44126505de7a55fb99ba49648b,SC,palhoca,furniture_decor,2600.0,50.0,10.0,30.0,4782,sao paulo,SP,139.8,1.0,credit_card,2.0,69.9,69.9,7.0,28,0,21.0,2018,4,Apr,2,0,2018-04,4,Monday,0
3f849648ffbabb0562c7668f212e3e88,a338f42b6e47cb49d5c5128a348b76ba,delivered,2018-05-15 19:55:51,2018-05-16 08:36:57,2018-05-18 15:26:00,2018-06-07 13:58:42,2018-06-06,1,7bbf8eb1681f6f8ec4b6f0c1c6934718,a673821011d0cec28146ea42f5ab767f,2018-05-23 08:31:19,69.9,16.46,d7b472813b9255677466c5cd3cbc7b31,MG,ibirite,pet_shop,800.0,35.0,8.0,35.0,3809,sao paulo,SP,86.36,1.0,credit_card,4.0,69.9,86.36000000000001,22.0,21,1,-1.0,2018,5,May,2,1,2018-05,5,Tuesday,1
7c18eddfcd24680d80a502346221614e,b7ee9b824b4a83b389379ac70585bf3b,delivered,2018-07-13 15:45:51,2018-07-13 16:04:02,2018-07-16 09:53:00,2018-07-24 20:16:30,2018-08-09,1,0ec96e6d31a1493b0475805c9ae1a0a2,09f952a5f58d2285b0372551ae8f9b01,2018-07-17 16:04:02,167.0,18.95,ac307db9d15fc5bb19b61298bd6bd1ed,GO,sao miguel do araguaia,furniture_decor,1450.0,24.0,18.0,18.0,9725,sao bernardo do campo,SP,423.67,10.0,credit_card,3.0,167.0,185.95,11.0,26,0,15.0,2018,7,Jul,3,4,2018-07,7,Friday,4
7c18eddfcd24680d80a502346221614e,b7ee9b824b4a83b389379ac70585bf3b,delivered,2018-07-13 15:45:51,2018-07-13 16:04:02,2018-07-16 09:53:00,2018-07-24 20:16:30,2018-08-09,2,e9a69340883a438c3f91739d14d3a56d,1b4c3a6f53068f0b6944d2d005c9fc89,2018-07-17 16:04:02,169.49,68.23,ac307db9d15fc5bb19b61298bd6bd1ed,GO,sao miguel do araguaia,housewares,3000.0,33.0,12.0,34.0,88730,sao ludgero,SC,423.67,10.0,credit_card,3.0,169.49,237.72000000000003,11.0,26,0,15.0,2018,7,Jul,3,4,2018-07,7,Friday,4
6fa204b6cf6dcfe6c9adca7dc53aa32a,56dfafb543cfa4c2edcc08b9b2c5f0c6,delivered,2017-08-01 18:52:12,2017-08-03 03:04:48,2017-08-03 16:17:38,2017-08-05 12:14:47,2017-08-21,1,28a652ff04e43c1bc57937a9f8770f9b,3d871de0142ce09b7081e2b9d1733cb1,2017-08-09 03:04:48,95.0,13.01,e4bd579c28cb9ce017feb990171bc957,SP,sao paulo,stationery,7700.0,28.0,55.0,37.0,13232,campo limpo paulista,SP,108.01,1.0,boleto,5.0,95.0,108.01,3.0,19,0,16.0,2017,8,Aug,3,1,2017-08,8,Tuesday,1
58d4c4747ee059eeeb865b349b41f53a,1755fad7863475346bc6c3773fe055d3,delivered,2018-07-21 12:49:32,2018-07-26 23:31:53,2018-07-24 12:57:00,2018-07-25 23:58:19,2018-07-31,1,1613b819ab5dae53aead2dbb4ebdb378,16090f2ca825584b5a147ab24aa30c86,2018-07-26 03:45:26,27.9,7.46,a5314ac290a8b141491e987ae37aa7cc,SP,santa barbara d'oeste,auto,50.0,17.0,10.0,15.0,12940,atibaia,SP,35.36,1.0,boleto,5.0,27.9,35.36,4.0,9,0,5.0,2018,7,Jul,3,5,2018-07,7,Saturday,5
a840a7a89e3d9137358eb7b9408681fe,5e320e6a4f03e2e74bc22e1158237fbe,delivered,2017-03-09 22:17:49,2017-03-09 22:17:49,2017-03-10 16:23:51,2017-03-16 08:24:47,2017-03-28,1,ff922797a6771cab4e0c51d482285ec3,062ce95fa2ad4dfaedfc79260130565f,2017-03-15 22:17:49,289.9,15.8,8a2530b1bf32235ed2636468ea0b1582,RS,caxias do sul,market_place,1725.0,31.0,8.0,33.0,95913,lajeado,RS,305.7,5.0,credit_card,5.0,289.9,305.7,6.0,18,0,12.0,2017,3,Mar,1,3,2017-03,3,Thursday,3
40001f4b6e1a35f0b99fc4f44078ab27,1690401c1e48c9526a79e72ba8c069a2,delivered,2017-12-09 17:27:58,2017-12-09 17:37:27,2017-12-12 17:17:24,2018-01-04 21:23:53,2018-02-01,1,afeeea6271148ee1bb15173b8187c431,53243585a1d6dc2643021fd1853d8905,2017-12-14 17:37:27,189.9,26.36,b33ab8755cd35552942225232a9a8849,AP,macapa,telephony,450.0,17.0,3.0,11.0,42738,lauro de freitas,BA,216.26,3.0,credit_card,3.0,189.9,216.26,26.0,53,0,27.0,2017,12,Dec,4,5,2017-12,12,Saturday,5
287c56aa824d8d1ea40246ad12013f62,5232c22d7ed2b631db6b2cab74b2c5f2,delivered,2018-08-01 10:48:19,2018-08-02 10:45:12,2018-08-03 10:30:00,2018-08-07 13:59:38,2018-08-10,1,4ff38de0673d41a0da1499e300720ef6,5b07547f10dd980738a1a27f685af669,2018-08-08 10:45:12,69.9,13.15,ff10e644ac8984d7e9fcafd5adf1b8cd,SP,ribeirao preto,health_beauty,125.0,20.0,16.0,19.0,7013,guarulhos,SP,83.05,1.0,credit_card,5.0,69.9,83.05000000000001,6.0,8,0,2.0,2018,8,Aug,3,2,2018-08,8,Wednesday,2
694630e7a7713c116a9b7f0ba3377382,5a771152dd93d31af819d708942afec6,delivered,2018-04-09 13:56:45,2018-04-11 05:50:45,2018-04-11 22:46:53,2018-04-16 20:58:47,2018-05-03,1,78efe838c04bbc568be034082200ac20,0241d4d5d36f10f80c644447315af0bd,2018-04-17 05:50:45,99.9,21.78,8b4e378f85633a53f78340e5692b8ba7,SC,sao jose,furniture_decor,2500.0,40.0,10.0,30.0,80330,curitiba,PR,121.68,1.0,boleto,5.0,99.9,121.68,7.0,23,0,16.0,2018,4,Apr,2,0,2018-04,4,Monday,0
f26f92a3da58e9c771820a7b4d9a6800,597950088114c1a9e2b27459051f40ff,delivered,2018-02-10 19:27:28,2018-02-10 19:35:32,2018-02-14 23:09:27,2018-02-19 15:07:08,2018-02-26,1,1ec486885049bbb9b79351d150ed18c4,cab85505710c7cb9b720bceb52b01cee,2018-02-15 19:35:32,49.9,7.78,dbc0a39ff0c850cd0358a1fe289095b9,SP,americana,fashion_bags_accessories,100.0,16.0,5.0,20.0,2252,sao paulo,SP,57.68,1.0,credit_card,5.0,49.9,57.68,8.0,15,0,7.0,2018,2,Feb,1,5,2018-02,2,Saturday,5
d1f54c6a2a7015c5687439d6d4e971ba,be0db8a12224c280772baf2ccb468e5e,delivered,2017-04-27 11:08:59,2017-04-27 11:22:56,2017-04-27 11:51:58,2017-05-15 12:00:17,2017-06-16,1,689b01074243aeee72049c8da42d2e22,3d871de0142ce09b7081e2b9d1733cb1,2017-05-04 11:22:56,68.0,24.97,6898b2273c4c2e9f697bb597c7df0837,PE,recife,toys,900.0,30.0,25.0,20.0,13232,campo limpo paulista,SP,92.97,1.0,credit_card,4.0,68.0,92.97,18.0,49,0,31.0,2017,4,Apr,2,3,2017-04,4,Thursday,3
37d6c8f1b209eab8d1b6522a1a3e4d88,fe4b93d8b5d38fc72f20a95f93511cae,delivered,2017-12-06 15:26:09,2017-12-08 02:54:25,2017-12-11 23:10:16,2017-12-13 18:03:38,2017-12-27,1,111d0b1e69f349615615113cf6b275fa,6d66611d7c44cc30ce351abc49a68421,2017-12-18 02:54:25,25.9,9.34,a54ff9cb5691f3de0ad67974bbb905fd,SP,sao paulo,sports_leisure,750.0,50.0,15.0,15.0,4378,sao paulo,SP,35.24,1.0,boleto,5.0,25.9,35.239999999999995,7.0,20,0,13.0,2017,12,Dec,4,2,2017-12,12,Wednesday,2
f9f76d0f8ab416a42a2a3dad0d710162,e4a32f8f3648818820a821cd577ccdba,delivered,2017-11-30 22:37:50,2017-12-01 10:31:12,2017-12-01 20:13:00,2017-12-08 20:56:54,2017-12-26,1,330286b1345b8cc5abfbb74da93465a6,71039d19d4303bf9054d69e9a9236699,2017-12-06 22:51:28,269.9,16.64,c89cf1a054b60f1d893617b0b1a140d7,MG,coronel fabriciano,sports_leisure,2800.0,56.0,28.0,33.0,3018,sao paulo,SP,286.54,3.0,credit_card,3.0,269.9,286.54,7.0,25,0,18.0,2017,11,Nov,4,3,2017-11,11,Thursday,3
a03ad7057fae696dd18f8967826c209f,7df71d1652cfba8b2a70cf665c960f74,delivered,2017-06-05 13:24:46,2017-06-07 19:42:11,2017-06-08 16:18:32,2017-06-16 14:04:09,2017-06-28,1,941fede5c398c3c84cac6e6c832c2b11,c68fb906c8f4b4b946d8386bfa6e5467,2017-06-13 19:42:11,52.88,25.21,cb644c8c88c4705149fc0c7dd12d596d,PR,palotina,housewares,3000.0,25.0,16.0,25.0,14870,jaboticabal,SP,78.09,1.0,credit_card,5.0,52.88,78.09,11.0,22,0,11.0,2017,6,Jun,2,0,2017-06,6,Monday,0
c93e4c73cba512f76817291e0de8bec4,9f5a2f912f123d541a318029712fe90b,delivered,2017-09-12 16:32:09,2017-09-12 16:45:08,2017-09-13 22:39:49,2017-09-22 16:43:37,2017-10-04,1,f1f01d27cb8664e16d57ef4a8075f3be,46dc3b2cc0980fb8ec44634e21d2718e,2017-09-18 16:44:39,279.99,21.2,e25e370b86824ff1a40d01c259cadd98,RS,sao sebastiao do cai,sports_leisure,4175.0,31.0,33.0,27.0,22240,rio de janeiro,RJ,301.19,7.0,credit_card,5.0,279.99,301.19,10.0,21,0,11.0,2017,9,Sep,3,1,2017-09,9,Tuesday,1
412fccb2b44a99b36714bca3fef8ad7b,c6865c523687cb3f235aa599afef1710,delivered,2018-07-22 22:30:05,2018-07-23 12:31:53,2018-07-23 12:24:00,2018-07-24 19:26:42,2018-07-31,1,d04bbac48960ecb7ea311b00ca6e1cb7,7681ef142fd2c19048da7430856b5588,2018-07-25 11:03:54,102.0,38.88,95aec963a6193f24401417870b648031,SP,mairipora,industry_commerce_and_business,11325.0,18.0,105.0,30.0,7074,guarulhos,SP,140.88,1.0,credit_card,5.0,102.0,140.88,1.0,8,0,7.0,2018,7,Jul,3,6,2018-07,7,Sunday,6
67b47f35ec923e39f1203f3cfa80f5e3,0dd5a932b1e29daa12845dbf696cbb54,delivered,2018-06-03 18:24:33,2018-06-03 18:49:57,2018-06-04 15:11:00,2018-06-08 18:58:53,2018-07-11,1,07bcd890d449e493b4ec23d05a9e40ee,bd15ee794d5e640d9dd71b665b2ab15b,2018-06-11 18:49:57,28.9,12.79,76c9a12722537319e44c31e70b7815c3,SP,socorro,sports_leisure,800.0,30.0,15.0,20.0,14078,ribeirao preto,SP,41.69,4.0,credit_card,4.0,28.9,41.69,5.0,37,0,32.0,2018,6,Jun,2,6,2018-06,6,Sunday,6
b616f638cd86d92c7cbd06cf7484ee34,8458f7ae02bda5950ce48c01a720559a,delivered,2018-05-23 16:37:35,2018-05-23 16:56:50,2018-05-24 16:13:00,2018-06-06 14:06:48,2018-06-08,1,d2f5484cbffe4ca766301b21ab9246dd,36a968b544695394e4e9d7572688598f,2018-05-25 16:56:50,12.88,7.87,23daf66dd86071f57d332fa5562afbe9,SP,sao paulo,computers_accessories,180.0,16.0,9.0,16.0,11010,santos,SP,20.75,1.0,credit_card,4.0,12.88,20.75,13.0,15,0,2.0,2018,5,May,2,2,2018-05,5,Wednesday,2
258f2e5dd769d9314b349f5650005dcc,148ecba880f508ca2d5b6744b6a7b6c5,delivered,2018-02-03 10:51:17,2018-02-03 11:10:37,2018-02-06 18:49:02,2018-02-23 20:59:12,2018-03-13,1,5994a2fdff4b0f9ca4376c4226adb442,33a17d60c64393351ebf1ef860f4e0f2,2018-02-08 11:10:37,129.97,35.43,344fecfc1b158f40bd95550e62547fda,MG,ouro branco,housewares,8300.0,102.0,14.0,34.0,91510,porto alegre,RS,165.4,3.0,credit_card,5.0,129.97,165.4,20.0,37,0,17.0,2018,2,Feb,1,5,2018-02,2,Saturday,5
f90202d14e468090464aeb4b1f0372ab,d4c5a2a1316f738e72e179d6bb3b6d8f,delivered,2018-05-17 08:33:19,2018-05-17 08:59:32,2018-05-23 12:24:00,2018-06-01 23:27:31,2018-06-04,1,0a57f7d2c983bcf8188589a5fea4a8da,4869f7a5dfa277a7dca6462dcf3b52b2,2018-05-22 08:59:32,96.0,6.56,b0608ebf65dbde33b45973a50e9f8965,SP,sao paulo,watches_gifts,396.0,18.0,11.0,14.0,14840,guariba,SP,102.56,1.0,credit_card,5.0,96.0,102.56,15.0,17,0,2.0,2018,5,May,2,3,2018-05,5,Thursday,3
615ae1b88a25a4ac47fbf55c9c847b6e,25daddfce277eafad87c4d28d71d8229,delivered,2018-08-10 13:42:06,2018-08-10 13:55:18,2018-08-13 10:37:00,2018-08-20 23:38:44,2018-08-30,1,fa304c5424fd292aed9c35eb36d9f495,609e1a9a6c2539919b8205cf7c4e6ff0,2018-08-14 13:55:18,64.99,19.65,677e8fb8d35d03be1fd8fd461c60a1cf,PR,londrina,bed_bath_table,1250.0,19.0,17.0,23.0,88359,brusque,SC,84.64,8.0,credit_card,1.0,64.99,84.63999999999999,10.0,19,0,9.0,2018,8,Aug,3,4,2018-08,8,Friday,4
52f166ce5fa053bbb27d317e4fd231b7,1b848bc58de81ae1b800cf3a4571bedf,delivered,2018-04-18 20:13:31,2018-04-18 20:32:54,2018-04-20 22:38:37,2018-04-26 20:11:48,2018-05-11,1,63085bb4366ded27bcb63cbb59b4103a,5dceca129747e92ff8ef7a997dc4f8ca,2018-04-24 20:30:57,428.0,18.51,2db7f214cad74f77bf16ddd07ec20b35,SP,tupa,baby,13100.0,38.0,47.0,44.0,13450,santa barbara d´oeste,SP,446.51,4.0,credit_card,5.0,428.0,446.51,7.0,22,0,15.0,2018,4,Apr,2,2,2018-04,4,Wednesday,2
22d17396ac4c177e0ea83929cd4f845d,a8b396cd7edcd4340e02a07685084cd6,delivered,2017-09-27 14:43:47,2017-09-27 14:56:18,2017-09-30 15:55:11,2017-10-13 21:13:13,2017-10-27,1,83b00325c13c44245b2c3a2befa62a0e,ad781527c93d00d89a11eecd9dcad7c1,2017-10-03 14:56:18,159.99,57.79,ded340acb51cad2b368c3e986d006ba8,RS,porto alegre,baby,10700.0,40.0,40.0,40.0,15015,sao jose do rio preto,SP,217.78,10.0,credit_card,5.0,159.99,217.78,16.0,29,0,13.0,2017,9,Sep,3,2,2017-09,9,Wednesday,2
9ceb8ab5165cefecdddb546cb5a6362b,eb1c0e1ca3e17eccaefb7f0d4dc659b1,delivered,2018-02-05 17:27:54,2018-02-06 17:32:25,2018-02-07 23:34:48,2018-02-18 14:28:47,2018-03-06,1,d9235fea02ba3f9fafcd78d898ac4355,dee656f0f566ed1aa85bd137c943f08f,2018-02-12 17:30:51,120.0,18.09,48625b68a29dcfc3aba4b5147e0625aa,RJ,rio de janeiro,construction_tools_lights,1300.0,22.0,15.0,18.0,12701,cruzeiro,SP,138.09,1.0,voucher,4.0,120.0,138.09,12.0,28,0,16.0,2018,2,Feb,1,0,2018-02,2,Monday,0
95a74a28d622001aafb5dd088ea0d88c,b3519c0352b07bc3017acebea4ce6724,delivered,2017-11-16 14:32:06,2017-11-17 14:25:26,2017-11-20 12:49:03,2017-11-29 00:44:50,2017-12-06,1,5a76b277c6c31033b89362512fb80274,d1c281d3ae149232351cd8c8cc885f0d,2017-11-24 14:25:26,37.99,12.69,1e85d1d3ecbe271f8410d13ce6bc189f,SP,pindamonhangaba,bed_bath_table,500.0,20.0,10.0,15.0,14940,ibitinga,SP,50.68,5.0,credit_card,5.0,37.99,50.68,12.0,19,0,7.0,2017,11,Nov,4,3,2017-11,11,Thursday,3
d493148aa5f8d08914d29ec0524e1196,d7b9004ff34610bb3451b130ee2bf38e,delivered,2018-01-31 13:21:44,2018-02-01 13:35:14,2018-02-05 17:12:14,2018-02-14 18:04:45,2018-02-26,1,be7f0912ba01126704c81b3f705aaaf2,26d8a1c7c75d513045798992ead43aa2,2018-02-07 13:31:37,155.99,14.11,fb20bf5c01fbc8bb8ab3ec1e4104c9d5,SP,sao paulo,perfumery,475.0,19.0,15.0,16.0,86800,apucarana,PR,170.1,6.0,credit_card,5.0,155.99,170.10000000000002,14.0,25,0,11.0,2018,1,Jan,1,2,2018-01,1,Wednesday,2
a0d5b8474423ddf55228373b81a46272,3f7d26944f7f68bd2ac23b5e8b500ab0,delivered,2018-01-11 16:51:17,2018-01-12 02:38:34,2018-01-15 17:24:13,2018-01-22 21:18:33,2018-02-07,1,aca2eb7d00ea1a7b8ebd4e68314663af,955fee9216a65b617aa5c0531780ce60,2018-01-19 02:38:34,69.9,19.98,c8d183727fc9b4dcac256fbe246d6270,MS,campo grande,furniture_decor,2600.0,50.0,10.0,30.0,4782,sao paulo,SP,89.88,1.0,boleto,5.0,69.9,89.88000000000001,11.0,26,0,15.0,2018,1,Jan,1,3,2018-01,1,Thursday,3
cbec453ddd874ca620b8afc6393e3218,0fc25a3451d81cfe409466e229afdbb0,delivered,2017-06-04 10:05:59,2017-06-04 10:22:32,2017-06-05 09:12:22,2017-06-12 17:45:34,2017-06-26,1,283dc451ad3918badb976d56ff887289,da8622b14eb17ae2831f4ac5b9dab84a,2017-06-08 10:22:32,89.9,13.65,43088e9ae1468ae7f8f6bd222b6a7329,SP,taubate,bed_bath_table,1650.0,44.0,2.0,35.0,13405,piracicaba,SP,103.55,3.0,credit_card,4.0,89.9,103.55,8.0,21,0,13.0,2017,6,Jun,2,6,2017-06,6,Sunday,6
61988b318aaf57d18336c629bc42cf1b,02731f7e9105dec7fc7fa715ccd821b3,delivered,2018-03-29 16:17:53,2018-03-29 16:35:38,2018-04-04 00:08:23,2018-04-13 20:03:50,2018-04-19,1,1f30aacc69904c0d0bf8d05cb2abef72,4a3ca9315b744ce9f8e9374361493884,2018-04-04 16:32:26,135.0,25.14,6517822823bf509a5dd294d5cd69a829,ES,vitoria,bed_bath_table,1850.0,40.0,10.0,30.0,14940,ibitinga,SP,160.14,3.0,credit_card,5.0,135.0,160.14,15.0,20,0,5.0,2018,3,Mar,1,3,2018-03,3,Thursday,3
b88d7ae9bd78eac18e8b6ceb04695fb8,6dbe3c4683c66130a8e242bf4bb218d9,delivered,2017-07-17 21:55:56,2017-07-17 22:10:20,2017-07-20 20:19:38,2017-07-27 18:41:46,2017-08-08,1,a35a9f46dcee0a67c8c7ad8493eb4135,85d9eb9ddc5d00ca9336a2219c97bb13,2017-07-23 22:10:20,31.9,14.1,2a151ec82fd8a1ca7c3e212651ab5b24,RJ,rio de janeiro,computers_accessories,200.0,41.0,2.0,29.0,31255,belo horizonte,MG,46.0,2.0,credit_card,5.0,31.9,46.0,9.0,21,0,12.0,2017,7,Jul,3,0,2017-07,7,Monday,0
908e767e28908dc5ec61fe0ef8ef03f9,64d181ef52b1829800c598942459061b,delivered,2018-05-09 14:32:09,2018-05-10 11:36:29,2018-05-11 10:44:00,2018-05-17 22:05:03,2018-05-28,1,7fbf3cba00dcf6da3f7c0fe6a162b4c1,2a5b78b41cd05baeac8df54c6606b92c,2018-05-17 11:32:04,49.99,13.47,d903cb2df3fc0df3e432bc359d8a6bf2,MG,passos,health_beauty,250.0,20.0,10.0,15.0,35570,formiga,MG,63.46,6.0,credit_card,3.0,49.99,63.46,8.0,18,0,10.0,2018,5,May,2,2,2018-05,5,Wednesday,2
c82a457d646f77c8f151e12a3e517ed2,c178d6d544925594fafab0ba493cd645,delivered,2018-08-08 21:11:25,2018-08-08 21:25:20,2018-08-10 17:10:00,2018-08-15 15:02:09,2018-08-15,1,81a3f1e46ec16acb4800a5002b014438,d9bd94811c3338dceb4181f3dbc0c73e,2018-08-12 21:25:20,136.78,8.22,d76441ab4a22e389561144ffafdaa19c,SP,campinas,perfumery,550.0,16.0,10.0,11.0,4186,sao paulo,SP,145.0,3.0,credit_card,5.0,136.78,145.0,6.0,6,1,0.0,2018,8,Aug,3,2,2018-08,8,Wednesday,2
edc531c3153d23614049077e7e1e6405,68b315ac209c92f15ec1f364f5d45e67,delivered,2018-04-17 11:25:39,2018-04-19 02:51:01,2018-04-25 08:54:00,2018-05-03 21:54:44,2018-05-09,1,cc5447118c174dcc6456c84ccb29e6f7,ef0ace09169ac090589d85746e3e036f,2018-04-25 02:51:01,117.7,18.7,afee8d312f30964ff72528a719219034,MG,varginha,perfumery,550.0,19.0,13.0,18.0,24451,sao goncalo,RJ,136.4,1.0,boleto,5.0,117.7,136.4,16.0,21,0,5.0,2018,4,Apr,2,1,2018-04,4,Tuesday,1
e22b71f6e4a481445ec4527cb4c405f7,1faf89c8f142db3fca6cf314c51a37b6,delivered,2017-04-22 13:48:18,2017-04-22 14:01:13,2017-04-24 19:08:53,2017-05-02 15:45:27,2017-05-11,1,3bc5164bc7f4be77002d6651da65c98c,6cd68b3ed6d59aaa9fece558ad360c0a,2017-04-27 14:01:13,22.5,11.74,1268b060098ed3f22c2e7c34cc72a1a8,MG,itapagipe,unknown,550.0,16.0,11.0,19.0,31255,belo horizonte,MG,34.24,3.0,credit_card,4.0,22.5,34.24,10.0,18,0,8.0,2017,4,Apr,2,5,2017-04,4,Saturday,5
6efcd938092fe73904610b4bd39b2e7f,8ebe25aca53cef9a055de5c20eca76e7,delivered,2017-12-11 21:43:24,2017-12-11 21:55:32,2017-12-13 15:12:16,2017-12-18 16:53:32,2018-01-04,1,d2fc2696871ca6b94af5deb0a8d5590d,527801b552d0077ffd170872eb49683b,2017-12-15 21:55:32,129.9,16.54,a55964e9744ba2f8e5911ff221b5de47,SP,sao sebastiao,books_general_interest,2500.0,17.0,25.0,12.0,17400,garca,SP,146.44,2.0,credit_card,5.0,129.9,146.44,6.0,23,0,17.0,2017,12,Dec,4,0,2017-12,12,Monday,0
1e8c81805b92ff169971231458670460,33b0d5c2438d9cd6426c6568dfbb908d,delivered,2018-05-04 10:29:14,2018-05-04 10:51:52,2018-05-07 14:14:00,2018-05-16 20:37:03,2018-05-23,1,04d70d184a7c12c93cecd9c0d8b5ad69,c70c1b0d8ca86052f45a432a38b73958,2018-05-10 10:51:52,110.32,18.65,5824772f55a94d6c06cbd5df136f5ba4,SC,balneario camboriu,health_beauty,150.0,22.0,3.0,15.0,13186,hortolandia,SP,257.94,8.0,credit_card,1.0,110.32,128.97,12.0,18,0,6.0,2018,5,May,2,4,2018-05,5,Friday,4
1e8c81805b92ff169971231458670460,33b0d5c2438d9cd6426c6568dfbb908d,delivered,2018-05-04 10:29:14,2018-05-04 10:51:52,2018-05-07 14:14:00,2018-05-16 20:37:03,2018-05-23,2,04d70d184a7c12c93cecd9c0d8b5ad69,c70c1b0d8ca86052f45a432a38b73958,2018-05-10 10:51:52,110.32,18.65,5824772f55a94d6c06cbd5df136f5ba4,SC,balneario camboriu,health_beauty,150.0,22.0,3.0,15.0,13186,hortolandia,SP,257.94,8.0,credit_card,1.0,110.32,128.97,12.0,18,0,6.0,2018,5,May,2,4,2018-05,5,Friday,4
1da00355018ed3e0fdd548cf3ddada99,2c5c2fb51bbbcdcc297f3b37449627bb,delivered,2017-12-17 19:40:26,2017-12-17 20:50:00,2017-12-18 16:36:55,2017-12-27 13:47:01,2018-01-24,1,59c1840441f4df065f52760bf51a8442,cab85505710c7cb9b720bceb52b01cee,2017-12-21 20:50:00,64.9,15.2,a97d43b24d76819903192611aca17914,MG,uberaba,fashion_bags_accessories,150.0,16.0,5.0,11.0,2252,sao paulo,SP,80.1,2.0,credit_card,5.0,64.9,80.10000000000001,9.0,37,0,28.0,2017,12,Dec,4,6,2017-12,12,Sunday,6
21c71f62d2554e1ad6c8ba9dc7af2c62,aa3d8c9eec8e52e90b117efe5e97a560,delivered,2017-12-21 04:59:55,2017-12-22 04:51:23,2017-12-23 13:12:55,2018-01-03 22:54:29,2018-01-19,1,43423cdffde7fda63d0414ed38c11a73,b1fc4f64df5a0e8b6913ab38803c57a9,2017-12-29 04:51:23,59.99,14.17,65daa8af71675f5b6e90b235f029438c,SP,engenheiro coelho,watches_gifts,350.0,16.0,14.0,11.0,24440,sao goncalo,RJ,74.16,3.0,credit_card,5.0,59.99,74.16,13.0,28,0,15.0,2017,12,Dec,4,3,2017-12,12,Thursday,3
93a21c10557cc1b1ecfe2c3a808c648a,45c9fcdb0cd88a5630cb4405c4d2e4a7,delivered,2018-02-27 10:05:56,2018-02-27 10:15:33,2018-03-01 20:39:44,2018-03-05 20:53:02,2018-03-22,1,69594b9c8acebfbd1bbc19f782680d4c,7299e27ed73d2ad986de7f7c77d919fa,2018-03-05 10:15:33,320.0,18.0,c6ff1299ecfd927f41df559f9b61e94a,SP,biritiba-mirim,consoles_games,600.0,30.0,20.0,30.0,38440,araguari,MG,338.0,2.0,credit_card,5.0,320.0,338.0,6.0,22,0,16.0,2018,2,Feb,1,1,2018-02,2,Tuesday,1
38c4ae942b818085578157aabd4abf9e,c0cc17e4ee16598f33ce7ccc36e3b4d0,delivered,2018-03-18 20:59:28,2018-03-18 21:10:32,2018-03-21 21:05:29,2018-03-29 13:49:10,2018-04-24,1,d1c427060a0f73f6b889a5c7c61f2ac4,a1043bafd471dff536d0c462352beb48,2018-03-22 21:10:32,129.0,54.65,b329ed361b94aa14781944b23063b5b0,RJ,rio de janeiro,computers_accessories,6550.0,20.0,20.0,20.0,37175,ilicinea,MG,183.65,2.0,credit_card,4.0,129.0,183.65,10.0,36,0,26.0,2018,3,Mar,1,6,2018-03,3,Sunday,6
f175d67589e059cbbda956f10f0702e6,a4555d257db29ef5f838cec4101c5208,delivered,2017-01-05 13:34:35,2017-01-07 03:45:40,2017-01-11 16:25:57,2017-01-17 15:52:28,2017-02-13,1,d8c365a069853295a82caf595c2c8c8d,48efc9d94a9834137efd9ea76b065a38,2017-01-09 13:34:35,9.9,8.72,f7be9bec658c62ab6240b44cd26c0b84,PR,curitiba,furniture_bedroom,200.0,16.0,2.0,11.0,81130,curitiba,PR,18.62,1.0,boleto,5.0,9.9,18.62,12.0,38,0,26.0,2017,1,Jan,1,3,2017-01,1,Thursday,3
c263211bd219538f7c031591e87ef0d7,ed8c52327eecff596e141636d5b556d2,delivered,2017-11-24 16:56:46,2017-11-28 03:48:24,2017-12-08 23:28:26,2017-12-18 20:24:54,2017-12-19,1,028b0b0277744a9eaa2c4f57c24dcb68,1025f0e2d44d7041d6cf58b6550e0bfa,2017-12-05 03:48:24,359.7,17.27,b6ebed144895adea96b6193124ea3db4,PR,pato branco,furniture_decor,13150.0,35.0,45.0,35.0,3204,sao paulo,SP,753.94,1.0,boleto,5.0,359.7,376.97,24.0,24,0,0.0,2017,11,Nov,4,4,2017-11,11,Friday,4
c263211bd219538f7c031591e87ef0d7,ed8c52327eecff596e141636d5b556d2,delivered,2017-11-24 16:56:46,2017-11-28 03:48:24,2017-12-08 23:28:26,2017-12-18 20:24:54,2017-12-19,2,028b0b0277744a9eaa2c4f57c24dcb68,1025f0e2d44d7041d6cf58b6550e0bfa,2017-12-05 03:48:24,359.7,17.27,b6ebed144895adea96b6193124ea3db4,PR,pato branco,furniture_decor,13150.0,35.0,45.0,35.0,3204,sao paulo,SP,753.94,1.0,boleto,5.0,359.7,376.97,24.0,24,0,0.0,2017,11,Nov,4,4,2017-11,11,Friday,4
7835af1856de332f2f3c9204b740a3a2,d1b370c90ad7dacb840010a6e89c7e89,delivered,2017-12-24 17:34:12,2017-12-24 17:48:13,2017-12-26 19:49:01,2018-01-03 21:12:08,2018-01-19,1,a1250bbcaa645885c9165eab1573b5c6,6560211a19b47992c3666cc44a7e94c0,2017-12-29 17:48:13,49.99,14.1,29fbb2801362f8857a80e4c1a0c74aa5,MG,belo horizonte,fashion_bags_accessories,200.0,16.0,2.0,20.0,5849,sao paulo,SP,64.09,2.0,credit_card,3.0,49.99,64.09,10.0,25,0,15.0,2017,12,Dec,4,6,2017-12,12,Sunday,6
507240e305d631056d7ced5d5ab0eb9a,5cff2efe34e8e604619520cc86201235,delivered,2018-03-29 15:08:14,2018-03-29 15:29:55,2018-04-02 23:24:37,2018-04-05 19:34:29,2018-04-11,1,fe83af233315b04d9093c7edbcf789dd,1127b7f2594683f2510f1c2c834a486b,2018-04-04 15:29:55,48.32,11.15,db3e4742e06a8a95bb1ff58ba972f8b5,SP,sao paulo,garden_tools,1700.0,41.0,18.0,20.0,13087,campinas,SP,59.47,1.0,credit_card,4.0,48.32,59.47,7.0,12,0,5.0,2018,3,Mar,1,3,2018-03,3,Thursday,3
17c2ee64306efa76f1389315a974eeba,79c102ed4db4e20845856cd68660f8f6,delivered,2017-11-29 17:43:34,2017-11-29 19:16:55,2017-12-02 14:24:58,2017-12-12 22:32:47,2017-12-26,1,704ef63ad0ac345842ea734060a83db2,da8622b14eb17ae2831f4ac5b9dab84a,2017-12-05 19:16:55,74.9,16.28,ac4aeb840ae2987076143c45d465e8a5,PR,rolandia,bed_bath_table,850.0,38.0,10.0,38.0,13405,piracicaba,SP,91.18,5.0,credit_card,4.0,74.9,91.18,13.0,26,0,13.0,2017,11,Nov,4,2,2017-11,11,Wednesday,2
5ec8f4e8fe5ee3fd5460b244d0804f9e,3fd2baf81d32adb95c43e1d490a8979e,delivered,2018-04-03 13:47:14,2018-04-05 02:27:56,2018-04-05 23:22:09,2018-04-13 23:45:22,2018-05-03,1,67217c43d81dea5a93bea48c23f4e156,18a349e75d307f4b4cc646a691ed4216,2018-04-16 02:27:56,65.0,18.33,07d04d1635ec5d81de0045c612783e01,SC,criciuma,construction_tools_safety,300.0,16.0,10.0,11.0,1319,sao paulo,SP,83.33,1.0,boleto,5.0,65.0,83.33,10.0,29,0,19.0,2018,4,Apr,2,1,2018-04,4,Tuesday,1
7156f3e0b94405abcbad1a8c94557338,5134baea6a4f11251fc92a2f358dfb4c,delivered,2017-04-20 16:18:26,2017-04-20 16:30:11,2017-04-24 09:53:33,2017-05-03 11:43:59,2017-05-10,1,6b61c9889ff5ea54a786b54fff36251f,8fdca8e349553f99bc738833a62c8802,2017-04-27 16:30:11,17.5,10.96,626495d0fb14f39da07290bb8d984ebf,SP,campinas,computers_accessories,255.0,19.0,15.0,20.0,2189,sao paulo,SP,28.46,2.0,credit_card,4.0,17.5,28.46,12.0,19,0,7.0,2017,4,Apr,2,3,2017-04,4,Thursday,3
def622b4b003c4749c889dd9a0b43eca,e28087daa16ea2d4ef377fd789af20b4,delivered,2018-01-25 23:13:41,2018-01-27 02:45:33,2018-01-29 20:37:16,2018-02-08 18:38:55,2018-02-21,1,4615c086d05b264e9ff7004fcb515e37,0bae85eb84b9fb3bd773911e89288d54,2018-02-01 02:45:33,38.2,15.1,25799bf6b79e82c19bd6d590c02cf821,SP,jundiai,sports_leisure,450.0,23.0,15.0,15.0,88301,itajai,SP,53.3,1.0,boleto,5.0,38.2,53.3,13.0,26,0,13.0,2018,1,Jan,1,3,2018-01,1,Thursday,3
434d3eec8dd031c322077fb2452e53a0,7a7893d13f178fdf58daeff7347e2d94,delivered,2018-05-08 14:38:14,2018-05-08 14:55:47,2018-05-08 16:46:00,2018-05-09 15:15:10,2018-05-16,1,ec72556b5da399d24fe06338e816a9ac,fd386aa7bed2af3c7035c65506c9b4a3,2018-05-10 14:55:47,68.0,8.29,a9a7ad094e7f664ee17a02d45257ddfd,SP,guaruja,stationery,233.0,20.0,11.0,15.0,4208,sao paulo,SP,76.29,1.0,credit_card,5.0,68.0,76.28999999999999,1.0,7,0,6.0,2018,5,May,2,1,2018-05,5,Tuesday,1
3ef7c7b43ae449415675a6c34720b78e,cae507afa38570ca8b08ae0cbcadd5d5,delivered,2018-06-16 19:05:54,2018-06-18 12:37:24,2018-06-21 14:12:00,2018-06-26 17:08:45,2018-07-12,1,b15b38f8a24ce6254dfa5bc5a06f18c5,8f580d36c1e9d6fbce95283403c7d447,2018-06-22 12:31:10,383.5,19.82,490aaedd703d157551ba484dbf0ec17c,SP,paulinia,auto,1600.0,25.0,9.0,17.0,14090,ribeirao preto,SP,403.32,1.0,boleto,4.0,383.5,403.32,9.0,25,0,16.0,2018,6,Jun,2,5,2018-06,6,Saturday,5
7e3e92dc3eaf5389f32da97228f7dd0e,62d50e9a714ac024c196d9548594e2aa,delivered,2017-07-02 20:47:24,2017-07-02 21:03:55,2017-07-03 11:42:08,2017-07-11 20:22:31,2017-07-25,1,f0bc0aed23d451f89495f7650d81e244,a3a38f4affed601eb87a97788c949667,2017-07-06 21:03:55,79.9,15.31,ba77e9b6506636dcbd03e463d4786f24,RS,caxias do sul,health_beauty,900.0,30.0,5.0,23.0,89204,joinville,SC,95.21,4.0,credit_card,5.0,79.9,95.21,8.0,22,0,14.0,2017,7,Jul,3,6,2017-07,7,Sunday,6
4d95703047b8a80cf5796b7478900ec7,da18c242eff18510c1df2f0337a9be95,delivered,2018-01-23 23:59:03,2018-01-24 00:16:30,2018-01-24 16:47:22,2018-01-30 14:36:52,2018-02-19,1,f10d3472b287e627cf92e5ff1d8b88f2,41b39e28db005d9731d9d485a83b4c38,2018-02-01 00:16:30,39.9,11.85,5fd0cae43a6002e194fe471367ee22d2,SP,varzea paulista,bed_bath_table,900.0,37.0,23.0,35.0,9220,santo andre,SP,103.5,3.0,credit_card,5.0,39.9,51.75,6.0,26,0,20.0,2018,1,Jan,1,1,2018-01,1,Tuesday,1
4d95703047b8a80cf5796b7478900ec7,da18c242eff18510c1df2f0337a9be95,delivered,2018-01-23 23:59:03,2018-01-24 00:16:30,2018-01-24 16:47:22,2018-01-30 14:36:52,2018-02-19,2,f10d3472b287e627cf92e5ff1d8b88f2,41b39e28db005d9731d9d485a83b4c38,2018-02-01 00:16:30,39.9,11.85,5fd0cae43a6002e194fe471367ee22d2,SP,varzea paulista,bed_bath_table,900.0,37.0,23.0,35.0,9220,santo andre,SP,103.5,3.0,credit_card,5.0,39.9,51.75,6.0,26,0,20.0,2018,1,Jan,1,1,2018-01,1,Tuesday,1
955e2b622db1a1f4031ef035ce9a861f,8d0c2ae2c7b532f0e90bdd06bc9a04b7,delivered,2018-01-16 22:34:16,2018-01-17 03:34:29,2018-01-17 17:26:14,2018-01-22 23:23:25,2018-02-06,1,bc74f63361c15c1a5baa5b97ac432e62,4869f7a5dfa277a7dca6462dcf3b52b2,2018-01-23 03:34:29,199.0,12.89,56509f7bc43892a0da09ee14f50a6f84,SP,sao paulo,health_beauty,4050.0,17.0,11.0,13.0,14840,guariba,SP,211.89,1.0,boleto,5.0,199.0,211.89,6.0,20,0,14.0,2018,1,Jan,1,1,2018-01,1,Tuesday,1
cf8f7b73e35cb19ff895c2f45c1ded72,2d9cd6d6d59bfd360ba595e45d097409,delivered,2018-02-22 15:04:08,2018-02-23 07:08:17,2018-02-26 21:04:32,2018-02-28 21:09:14,2018-03-08,1,3d36f403ac27db5c5b8faa68836e3d1f,77530e9772f57a62c906e1c21538ab82,2018-03-01 07:08:17,99.0,12.4,6f6700b18880238014937d470e8f5f6f,PR,curitiba,furniture_decor,1450.0,69.0,11.0,11.0,80310,curitiba,PR,111.4,3.0,credit_card,2.0,99.0,111.4,6.0,13,0,7.0,2018,2,Feb,1,3,2018-02,2,Thursday,3
fd9b8ed51e5ffedf7a56bea36cc5b6f9,0385c03f2b10a0a50ee72d8e3649a4b3,delivered,2018-03-30 23:11:40,2018-03-30 23:26:57,2018-04-04 20:04:05,2018-04-19 18:03:46,2018-04-27,1,0ef8c1b31d81d6b4453f70a61321f73e,fa1a9dec3a9940c072684a46728bf1fc,2018-04-04 23:26:57,119.9,23.42,b8c64934a84e5ac575aaf1c5d50f340e,SP,assis,pet_shop,8350.0,50.0,20.0,40.0,88820,icara,SC,143.32,3.0,credit_card,5.0,119.9,143.32,19.0,27,0,8.0,2018,3,Mar,1,4,2018-03,3,Friday,4
bb4f0c21ae6014e40ef007ff6fbcbeb9,94f7f1cb719dd707fd437e918d282537,delivered,2017-02-12 18:48:56,2017-02-12 19:02:52,2017-02-16 14:42:05,2017-03-01 14:09:10,2017-03-16,1,0768657d39e02ff11e1a30708e010588,c458e2045a8aa8964f8879af03fdcce6,2017-02-20 17:48:56,34.99,10.96,977136c10acb01bd9cecb7d18ff7d1a0,SP,diadema,fixed_telephony,200.0,16.0,2.0,11.0,9572,sao caetano do sul,SP,45.95,1.0,credit_card,5.0,34.99,45.95,16.0,31,0,15.0,2017,2,Feb,1,6,2017-02,2,Sunday,6
f31535f21d145b2345e2bf7f09d62322,ed532487db04478dfba09d112649fc13,delivered,2018-02-01 07:47:34,2018-02-01 08:10:31,2018-02-02 00:24:34,2018-04-23 15:49:34,2018-03-05,1,f196248e8b5d060cca414a664ea9a76f,91f0eec23d4a61d7d7caeefa3f0ad1ca,2018-02-08 08:10:31,199.0,24.26,51ac8560948d44d4ffa33f2680569a20,RJ,niteroi,auto,1900.0,90.0,14.0,18.0,88704,tubarao,SC,223.26,5.0,credit_card,1.0,199.0,223.26,81.0,31,1,-50.0,2018,2,Feb,1,3,2018-02,2,Thursday,3
d86359a45e3f6c6d8b35f7b13e41abf5,a1acf95041edd043087a040e89449636,delivered,2018-06-06 14:21:47,2018-06-06 14:35:26,2018-06-08 13:20:00,2018-06-15 14:28:27,2018-07-12,1,a62e25e09e05e6faf31d90c6ec1aa3d1,634964b17796e64304cadf1ad3050fb7,2018-06-14 14:31:56,105.0,19.7,191525912e1a31a97bf8b481ce852f75,SP,praia grande,watches_gifts,1000.0,53.0,8.0,18.0,21840,rio de janeiro,RJ,124.7,1.0,credit_card,5.0,105.0,124.7,9.0,35,0,26.0,2018,6,Jun,2,2,2018-06,6,Wednesday,2
248ff7b41bfa395f5ee828720889e664,754862f813b4662e840ff16a52db05f0,delivered,2017-11-17 13:12:47,2017-11-17 13:35:40,2017-11-21 18:18:35,2017-11-27 20:41:48,2017-12-12,1,abaf51d7a67cc363c8da7ae77d15ecdb,23ff42c4bf1f8f16cddb19d8b972974a,2017-11-23 13:31:17,24.9,16.79,6dfa1ddc7f7e7d7930de326f34c16f53,BA,vitoria da conquista,sports_leisure,300.0,20.0,20.0,11.0,37975,itau de minas,MG,41.69,1.0,credit_card,3.0,24.9,41.69,10.0,24,0,14.0,2017,11,Nov,4,4,2017-11,11,Friday,4
2d5cdc856665603f1580e3586bde89a5,caecab08cac2be52d89f87462765b4f4,delivered,2018-01-30 17:36:43,2018-01-30 17:57:55,2018-02-01 18:13:16,2018-02-05 19:38:56,2018-02-21,1,9ddd762ee8a13576a809dc66f22aa2b5,da8622b14eb17ae2831f4ac5b9dab84a,2018-02-05 17:57:55,199.9,17.03,ecc6d0f3eb9435df737e1f0d9a1c6d3f,SP,ribeirao preto,bed_bath_table,2600.0,41.0,8.0,36.0,13405,piracicaba,SP,216.93,8.0,credit_card,5.0,199.9,216.93,6.0,21,0,15.0,2018,1,Jan,1,1,2018-01,1,Tuesday,1
b06112f703115e6d92f3baf4e2458a5a,1224a9f43655b57c469ab096e6ba5dc2,delivered,2018-03-07 12:08:37,2018-03-07 12:29:55,2018-03-08 19:58:35,2018-03-13 18:56:39,2018-03-21,1,f40876e0ef3cd5f9132b1f16b04b1346,620c87c171fb2a6dd6e8bb4dec959fc6,2018-03-13 12:29:55,109.9,10.97,fc99cf02242e9883997db66f863ab742,RJ,mage,health_beauty,427.0,15.0,17.0,14.0,25645,petropolis,RJ,241.74,6.0,credit_card,5.0,109.9,120.87,6.0,13,0,7.0,2018,3,Mar,1,2,2018-03,3,Wednesday,2
b06112f703115e6d92f3baf4e2458a5a,1224a9f43655b57c469ab096e6ba5dc2,delivered,2018-03-07 12:08:37,2018-03-07 12:29:55,2018-03-08 19:58:35,2018-03-13 18:56:39,2018-03-21,2,f40876e0ef3cd5f9132b1f16b04b1346,620c87c171fb2a6dd6e8bb4dec959fc6,2018-03-13 12:29:55,109.9,10.97,fc99cf02242e9883997db66f863ab742,RJ,mage,health_beauty,427.0,15.0,17.0,14.0,25645,petropolis,RJ,241.74,6.0,credit_card,5.0,109.9,120.87,6.0,13,0,7.0,2018,3,Mar,1,2,2018-03,3,Wednesday,2
45ac1d4b219993bf334080eac1585166,a7d1dc2de29fc011bf5f947f8a8636c7,delivered,2018-01-10 09:04:09,2018-01-10 10:31:35,2018-01-10 22:48:10,2018-01-17 15:44:12,2018-02-08,1,34dc9ba20762290886d4d94d07a102e3,5b925e1d006e9476d738aa200751b73b,2018-01-16 10:09:39,119.0,17.37,99d697dd68fad729283560abe0adae43,RJ,sao goncalo,sports_leisure,1650.0,30.0,8.0,30.0,4567,sao paulo,SP,136.37,2.0,credit_card,5.0,119.0,136.37,7.0,28,0,21.0,2018,1,Jan,1,2,2018-01,1,Wednesday,2
51fc12a7908ea200b269a6ecfb3e7740,abbfa19a38ba17ff02883ba523a9d42f,delivered,2017-02-08 18:00:36,2017-02-10 02:55:28,2017-02-15 12:37:51,2017-02-20 18:14:01,2017-03-17,1,23384f296aa1bf6461d22912093a9847,891071be6ba827b591264c90c2ae8a63,2017-02-12 18:00:36,20.0,10.96,16bc2649f4feeba423feecb3279bd28f,SP,carapicuiba,bed_bath_table,100.0,16.0,10.0,16.0,3872,sao paulo,SP,30.96,1.0,boleto,4.0,20.0,30.96,12.0,36,0,24.0,2017,2,Feb,1,2,2017-02,2,Wednesday,2
c228d309379c3ae545cc6ca2d5aae1b2,eca5e1383292be5fc6c5b1aa3e1215b5,delivered,2018-06-30 21:57:55,2018-06-30 22:10:13,2018-07-02 13:39:00,2018-07-04 21:48:36,2018-07-24,1,157ee978f4fcdf8984b0bb33a6687fde,e9779976487b77c6d4ac45f75ec7afe9,2018-07-04 22:10:13,35.0,13.83,b36e3758a257a9e554bfae4d648b2950,SP,marilia,drinks,650.0,19.0,19.0,19.0,11701,praia grande,SP,48.83,1.0,credit_card,5.0,35.0,48.83,3.0,23,0,20.0,2018,6,Jun,2,5,2018-06,6,Saturday,5
f419e615bbdeb34741d4bdd661ff8599,271f76c70ce217ee656713b99097eaef,delivered,2018-08-08 10:49:59,2018-08-08 11:05:15,2018-08-10 13:40:00,2018-08-16 19:18:51,2018-08-17,1,18f6ea7e8cff29f8053baac6762449f9,f80edd2c5aaa505cc4b0a3b219abf4b8,2018-08-10 11:05:15,56.9,18.2,6985e81d9007fa0eac3c04a9752efd6c,RS,porto alegre,kitchen_dining_laundry_garden_furniture,1850.0,45.0,15.0,35.0,3431,sao paulo,SP,75.1,1.0,credit_card,5.0,56.9,75.1,8.0,8,0,0.0,2018,8,Aug,3,2,2018-08,8,Wednesday,2
c10ff28c81d0b9bd2a265bb0836c8b0c,05535d34af5324aaf6988e1d890a0d6e,delivered,2017-10-05 05:23:47,2017-10-05 06:21:20,2017-10-06 17:16:05,2017-10-09 18:32:38,2017-10-30,1,e070a61270050c4b1b704300f331cca6,66922902710d126a0e7d26b0e3805106,2017-10-11 06:21:20,60.0,16.67,6927dac0fa9c5c972d388e6a77ce7d93,SP,sao paulo,pet_shop,850.0,30.0,20.0,30.0,31842,belo horizonte,MG,76.67,7.0,credit_card,4.0,60.0,76.67,4.0,24,0,20.0,2017,10,Oct,4,3,2017-10,10,Thursday,3
638f79643fd5681c6e6c6ef1f1ab700d,69d8d9775287ba592a957eba2211d351,delivered,2018-04-10 14:58:16,2018-04-10 15:11:08,2018-04-17 13:16:29,2018-04-27 23:17:26,2018-05-11,1,ba74c6b75d2ad7503175809688d5a03c,7d13fca15225358621be4086e1eb0964,2018-04-16 15:11:08,178.99,19.13,4e1e21d422058c75922a29548f43479d,RJ,sao goncalo,watches_gifts,292.0,17.0,8.0,12.0,14050,ribeirao preto,SP,198.12,2.0,credit_card,5.0,178.99,198.12,17.0,30,0,13.0,2018,4,Apr,2,1,2018-04,4,Tuesday,1
a094215e786240fcfefb83d18036a1cd,86acfb656743da0c113d176832c9d535,delivered,2018-02-08 18:56:45,2018-02-08 19:32:18,2018-02-09 21:41:54,2018-02-19 13:28:50,2018-02-22,1,5a848e4ab52fd5445cdc07aab1c40e48,c826c40d7b19f62a09e2d7c5e7295ee2,2018-02-14 19:10:08,122.99,9.06,f5cb81f98962f7504bef1e75579b6dff,SP,americana,unknown,400.0,20.0,12.0,15.0,7133,guarulhos,SP,132.05,1.0,credit_card,5.0,122.99,132.04999999999998,10.0,13,0,3.0,2018,2,Feb,1,3,2018-02,2,Thursday,3
86e574a0701d15590bf31783bc7de5dc,cacade100f1ef4bb325438538d726a76,delivered,2018-07-12 20:24:07,2018-07-12 20:35:10,2018-07-17 10:32:00,2018-07-23 18:09:27,2018-07-27,1,2c82351074f92b0f7225437cea2b47c6,2b3b9ce054da76a7428df143a567b156,2018-07-18 20:31:03,94.0,18.46,0d75e26f60500a90bbf13fa2b9af61cb,PR,curitiba,furniture_decor,1150.0,16.0,33.0,33.0,3572,sao paulo,SP,112.46,1.0,credit_card,4.0,94.0,112.46,10.0,14,0,4.0,2018,7,Jul,3,3,2018-07,7,Thursday,3
fb9b2930f4a30f96c7cc98eaaa85e5f0,02ed2cff54eb047cdbe79dd0535945d4,delivered,2017-11-24 14:15:53,2017-11-24 16:19:01,2017-11-30 18:18:50,2017-12-17 10:47:53,2017-12-14,1,6f9771652ad5ec58e58f50475d6bfe0e,cca3071e3e9bb7d12640c9fbe2301306,2017-11-30 16:19:01,70.91,13.52,757921c3d0047781031e9bcbaf2c393c,SP,sao paulo,furniture_decor,1200.0,39.0,30.0,39.0,14940,ibitinga,SP,84.43,5.0,credit_card,1.0,70.91,84.42999999999999,22.0,19,1,-3.0,2017,11,Nov,4,4,2017-11,11,Friday,4
02aec12849744e266394182861265286,076dcea2eb6c8dbe9354f7c0d8670a00,delivered,2017-08-31 17:46:40,2017-08-31 18:05:09,2017-09-04 19:22:51,2017-09-12 20:59:50,2017-09-27,1,8aa6223e400af9c97b07c75993142721,1f9ab4708f3056ede07124aad39a2554,2017-09-06 18:05:09,174.9,35.74,5a014dabe8de0cc29621e8c8d5ebfd8e,BA,dias d'avila,baby,5000.0,40.0,10.0,40.0,17602,tupa,SP,210.64,4.0,credit_card,5.0,174.9,210.64,12.0,26,0,14.0,2017,8,Aug,3,3,2017-08,8,Thursday,3
f11b36b3bc7bacf06deef862ed611f02,ae8db0691449a44352e7d535ddf78c5e,delivered,2018-05-15 09:10:20,2018-05-16 03:14:50,2018-05-16 15:47:00,2018-05-22 20:37:31,2018-05-30,1,9ad75bd7267e5c724cb42c71ac56ca72,8160255418d5aaa7dbdc9f4c64ebda44,2018-05-21 03:14:50,109.9,14.86,ad28944afc91824e30366a595654aaa4,SP,guaruja,bed_bath_table,1225.0,35.0,15.0,38.0,14940,ibitinga,SP,124.76,1.0,boleto,4.0,109.9,124.76,7.0,14,0,7.0,2018,5,May,2,1,2018-05,5,Tuesday,1
2c3a5e5f5bc3ae78ed5748461e62d47d,5f2bc926ec92aa65c33b70ed59e74175,delivered,2018-01-22 19:22:26,2018-01-22 19:36:30,2018-01-24 00:34:56,2018-02-06 15:49:01,2018-02-06,1,d8de812ed5d981fc6a3984f4caa2aa05,54a1852d1b8f10312c55e906355666ee,2018-01-26 19:36:30,59.99,9.74,26519785c800da52d3796667a222ecb0,SP,sorocaba,sports_leisure,525.0,29.0,16.0,20.0,13456,santa barbara d'oeste,SP,69.73,1.0,credit_card,5.0,59.99,69.73,14.0,14,1,0.0,2018,1,Jan,1,0,2018-01,1,Monday,0
4eeecb9e657525024b9b538730c5f974,b7a7e149c4a6120ec3938bd2752683c2,delivered,2018-06-16 00:01:56,2018-06-16 00:23:09,2018-06-18 12:23:00,2018-06-28 16:41:38,2018-07-13,1,91b08d34d0ba4db44da2dc382867ba49,b76dba6c951ab00dc4edf0a1aa88037e,2018-06-19 00:23:09,12.99,18.23,1fd4f857b3f68f5622ebde22e2b328a6,MG,sao lourenco,telephony,100.0,16.0,4.0,11.0,3237,sao paulo,SP,31.22,3.0,credit_card,5.0,12.99,31.22,12.0,26,0,14.0,2018,6,Jun,2,5,2018-06,6,Saturday,5
6f954a919130aa1e8def4ed1b9fca432,d929280e89af72c9509d90a5912adaa4,delivered,2018-07-28 18:21:00,2018-07-31 03:50:25,2018-07-31 11:13:00,2018-08-01 23:57:28,2018-08-02,1,84bfcd3c1a4f15e9bd5867a775e232d9,116ccb1a1604bc88e4d234a8c23f33de,2018-08-02 03:50:25,13.3,8.88,c05813a7cd3de5d467c50fb22e52eb2c,SP,indaiatuba,auto,700.0,17.0,21.0,11.0,9850,sao bernardo do campo,SP,22.18,1.0,boleto,5.0,13.3,22.18,4.0,4,0,0.0,2018,7,Jul,3,5,2018-07,7,Saturday,5
56bd45163229b35ca0ab490c1e3d3233,f8975f0842ae1e4670a410a02b1b5053,delivered,2017-11-28 21:07:26,2017-11-28 21:17:25,2017-12-04 21:37:41,2017-12-12 20:22:51,2017-12-18,1,6f5cff7499746e6f722c4dcee24f7437,dc4a0fc896dc34b0d5bfec8438291c80,2017-12-04 21:17:25,64.9,11.95,83d1d424c386ddd0ee98407d038bcdb2,SP,sao paulo,furniture_decor,250.0,24.0,3.0,12.0,14940,ibitinga,SP,76.85,1.0,credit_card,5.0,64.9,76.85000000000001,13.0,19,0,6.0,2017,11,Nov,4,1,2017-11,11,Tuesday,1
6bb1e842418aac0c9c820afd3bb63a2d,032f25110f17bb0d65268257b10738bc,delivered,2018-02-11 14:13:54,2018-02-11 14:25:28,2018-02-21 18:49:53,2018-03-05 22:04:37,2018-03-23,1,f361fccba568fabe00db466f80626d1e,85d9eb9ddc5d00ca9336a2219c97bb13,2018-02-27 13:25:28,15.9,16.79,b931fdce2c9ab0c8475ac1bc83af0f04,GO,jatai,auto,75.0,17.0,8.0,13.0,31255,belo horizonte,MG,32.69,3.0,credit_card,4.0,15.9,32.69,22.0,39,0,17.0,2018,2,Feb,1,6,2018-02,2,Sunday,6
28fa410eec232354726af94904c6fa9b,229755021cdd010bc07d4f5b35c78ef6,delivered,2018-03-17 15:21:11,2018-03-20 03:48:59,2018-04-05 00:32:57,2018-04-06 01:23:24,2018-04-16,1,61a53738adc5c0e8d243553320f9ba1c,7c67e1448b00f6e969d365cea6b010ab,2018-04-03 03:48:59,79.97,20.6,28a9545ffe21521e8fa3870135873d50,SP,itu,sports_leisure,8809.0,52.0,52.0,17.0,8577,itaquaquecetuba,SP,100.57,1.0,boleto,5.0,79.97,100.57,19.0,29,0,10.0,2018,3,Mar,1,5,2018-03,3,Saturday,5
f93af565de05d2427790ad8d0368a80e,abd4fba77f31f5efdc766a09851e4da3,delivered,2018-06-03 11:52:11,2018-06-03 12:10:28,2018-06-04 15:05:00,2018-06-05 18:19:32,2018-06-28,1,2b4609f8948be18874494203496bc318,cc419e0650a3c5ba77189a1882b7556a,2018-06-11 12:10:28,79.99,8.32,0be176523405976a37488ad6a2b81031,SP,sao paulo,health_beauty,250.0,22.0,10.0,18.0,9015,santo andre,SP,88.31,2.0,credit_card,5.0,79.99,88.31,2.0,24,0,22.0,2018,6,Jun,2,6,2018-06,6,Sunday,6
3f3913e8c7fd221ac82a34ffa20b93ee,a9c6cd6cf9583fa5820d55c21238f78e,delivered,2018-05-07 21:49:08,2018-05-07 22:11:35,2018-05-11 13:49:00,2018-05-17 16:56:33,2018-05-24,1,880be32f4db1d9f6e2bec38fb6ac23ab,fa40cc5b934574b62717c68f3d678b6d,2018-05-13 22:11:04,44.9,10.66,6c5c77a50c55187a74295b4aee84b778,DF,brasilia,toys,200.0,16.0,7.0,11.0,2310,sao paulo,SP,55.56,1.0,credit_card,5.0,44.9,55.56,9.0,16,0,7.0,2018,5,May,2,0,2018-05,5,Monday,0
ed91235fc08276eed0470b26a6dbd4a3,977275bd3cd425aa9926a3388658f485,delivered,2018-03-09 14:58:05,2018-03-10 14:50:28,2018-03-13 19:18:29,2018-03-29 23:31:48,2018-04-05,1,bb50f2e236e5eea0100680137654686c,f7ba60f8c3f99e7ee4042fdef03b70c4,2018-03-15 14:50:28,325.0,38.96,e20247a9f1cdb71d4415f2a0903212f9,PE,caruaru,health_beauty,400.0,34.0,4.0,22.0,9628,sao bernardo do campo,SP,363.96,5.0,credit_card,5.0,325.0,363.96,20.0,26,0,6.0,2018,3,Mar,1,4,2018-03,3,Friday,4
7107c5823a581db0314f8f0fa95f61e7,2368e38c19fd581f0953057716cad811,delivered,2018-02-27 15:53:44,2018-02-27 16:15:38,2018-03-01 20:07:45,2018-03-22 22:12:59,2018-04-03,1,3b0fbb3ab5b1512278d2e1c695b07e85,d2374cbcbb3ca4ab1086534108cc3ab7,2018-03-19 16:15:38,72.9,12.01,f81bd58e79b9717dc8a5edb0c4f0b502,SP,sao paulo,bed_bath_table,400.0,40.0,5.0,30.0,14940,ibitinga,SP,84.91,1.0,credit_card,5.0,72.9,84.91000000000001,23.0,34,0,11.0,2018,2,Feb,1,1,2018-02,2,Tuesday,1
3a830ecb5338f0ff69822d388b64822e,f8c3d249c98f91b25409df45d4a095e3,delivered,2018-01-24 11:40:28,2018-01-24 15:08:06,2018-02-07 18:44:52,2018-02-15 15:08:38,2018-02-20,1,bb1865456593db5a35bcc2b23174a09d,04aa0a1c5ce6b222003403a3e11c3cc0,2018-01-30 15:08:06,109.0,98.02,682dff0e9050d37ddd64e2ffc53bcbbe,MS,campo grande,sports_leisure,7450.0,101.0,16.0,32.0,13150,cosmopolis,SP,207.02,3.0,credit_card,4.0,109.0,207.02,22.0,26,0,4.0,2018,1,Jan,1,2,2018-01,1,Wednesday,2
955ea2e3177592d909296220d7fcdebd,58ffe52cbd8077e75af00321bd152ce2,delivered,2018-06-09 11:02:51,2018-06-09 11:15:21,2018-06-11 14:05:00,2018-06-19 11:22:36,2018-07-04,1,079189201e6c6f0b0f70d118fff53fd5,edb1ef5e36e0c8cd84eb3c9b003e486d,2018-06-12 11:15:21,394.65,24.47,86d665d743ac6fc7a69c5f97c1264ea9,RS,rio grande,health_beauty,450.0,20.0,6.0,13.0,25957,teresopolis,RJ,419.12,8.0,credit_card,5.0,394.65,419.12,10.0,24,0,14.0,2018,6,Jun,2,5,2018-06,6,Saturday,5
6d231a099f98f5a590ad78db56ae82f1,6ee311afc0adb5663ad53868d46ba39d,delivered,2017-11-11 22:16:49,2017-11-11 22:30:25,2017-11-13 21:32:01,2017-11-16 21:48:37,2017-11-27,1,4ac50dbde931c0a5ed8c33d3dc047351,2e1c9f22be269ef4643f826c9e650a52,2017-11-16 22:30:25,34.49,7.78,089b7f0bd3654dae116bbef61b197fea,SP,praia grande,health_beauty,600.0,28.0,11.0,26.0,4850,sao paulo,SP,42.27,1.0,credit_card,4.0,34.49,42.27,4.0,15,0,11.0,2017,11,Nov,4,5,2017-11,11,Saturday,5
4bb6e6f5af26e1f5951d934386615406,f962bd6ee98fa707c3e2eb532bab37b0,delivered,2018-06-28 11:08:58,2018-06-28 11:31:07,2018-06-28 11:57:00,2018-07-09 16:02:28,2018-07-31,1,3fbc0ef745950c7932d5f2a446189725,06a2c3af7b3aee5d69171b0e14f0ee87,2018-07-04 11:31:07,66.99,27.75,0e52335ca066271c324be8289cae3251,RJ,nova iguacu,health_beauty,350.0,19.0,12.0,13.0,65072,sao luis,MA,94.74,4.0,credit_card,5.0,66.99,94.74,11.0,32,0,21.0,2018,6,Jun,2,3,2018-06,6,Thursday,3
c4d2f075fc3bf3a06d1e68e113c35cbd,aa6edca5d83d4c8e9a2262b9847febd6,delivered,2018-08-01 14:58:41,2018-08-01 15:31:17,2018-08-02 16:46:00,2018-08-15 00:18:53,2018-08-27,1,57e089e3103f5cda6a4ce23b77399bdb,aafe36600ce604f205b86b5084d3d767,2018-08-06 15:10:14,54.9,24.73,33e608856217dd0b34bf69e313470406,BA,salvador,baby,650.0,20.0,8.0,14.0,88115,sao jose,SC,79.63,1.0,credit_card,2.0,54.9,79.63,13.0,25,0,12.0,2018,8,Aug,3,2,2018-08,8,Wednesday,2
52e5445828db681d83dccb33a15ecac4,d42ee2c04270ba237933c8bdd5e1c761,delivered,2017-11-24 17:37:41,2017-11-24 20:56:27,2017-11-27 15:12:48,2017-12-19 14:19:22,2017-12-27,1,e0d64dcfaa3b6db5c54ca298ae101d05,4869f7a5dfa277a7dca6462dcf3b52b2,2017-11-30 20:56:27,170.0,24.06,c53d90ab068a7fde8fb74003248e1ebc,BA,santo amaro,watches_gifts,4338.0,17.0,12.0,14.0,14840,guariba,SP,194.06,8.0,credit_card,3.0,170.0,194.06,24.0,32,0,8.0,2017,11,Nov,4,4,2017-11,11,Friday,4
879195f2460f97ab2f3bf119f2e8638b,09cdb569d94234872c468f2711ca0f91,delivered,2018-02-03 14:56:55,2018-02-03 15:11:02,2018-02-05 15:54:50,2018-02-23 22:59:22,2018-03-01,1,4a6fffd5a0ca2230cf5b84dc624e9f95,527801b552d0077ffd170872eb49683b,2018-02-08 15:11:02,27.9,11.85,ae3759d2ee307574752179acccd595b6,SP,indaiatuba,books_general_interest,600.0,18.0,25.0,11.0,17400,garca,SP,39.75,1.0,credit_card,5.0,27.9,39.75,20.0,25,0,5.0,2018,2,Feb,1,5,2018-02,2,Saturday,5
22ff7c206b68858435452298296c2fcb,5ad934ace4646e3dad70148a823eb138,delivered,2017-04-27 10:24:22,2017-04-27 10:35:12,2017-04-28 14:07:00,2017-05-11 17:22:55,2017-05-25,1,da1cfaaffa7720fe28f26f18d52f5ad9,0ea22c1cfbdc755f86b9b54b39c16043,2017-05-04 10:32:12,39.9,10.96,795ec127906a9e161109399a70f5826d,MG,januaria,fashion_bags_accessories,150.0,16.0,9.0,11.0,35700,sete lagoas,MG,50.86,5.0,credit_card,5.0,39.9,50.86,14.0,27,0,13.0,2017,4,Apr,2,3,2017-04,4,Thursday,3
ebc8d4b1397747291b758772e9d87984,4d225460f83ea2b1ac705ad1d5eef02f,delivered,2018-04-10 16:22:27,2018-04-10 16:35:12,2018-04-11 16:58:25,2018-04-23 13:47:49,2018-05-04,1,3354a4e684f5e7199f9407db70ccd92b,7a67c85e85bb2ce8582c35f2203ad736,2018-04-16 16:31:50,89.99,18.21,1a2d84203a039be469e1e754f4b8b0b2,ES,cariacica,cool_stuff,1200.0,42.0,25.0,15.0,3426,sao paulo,SP,108.2,2.0,credit_card,5.0,89.99,108.2,12.0,23,0,11.0,2018,4,Apr,2,1,2018-04,4,Tuesday,1
9f882c1f904b7dd156572ada58d7a7ae,843ff05b30ce4f75b6170b39c78a8ee5,delivered,2017-11-13 10:07:36,2017-11-13 10:16:29,2017-12-01 23:19:42,2017-12-11 17:38:06,2017-12-22,1,ca92f5c2276bfd491db575cd9de5a70d,7142540dd4c91e2237acb7e911c4eba2,2017-11-29 10:15:29,84.9,17.84,8718d37e3e19a80c134708dbe5815732,RS,cidreira,fashion_shoes,800.0,22.0,12.0,33.0,16301,penapolis,SP,102.74,1.0,credit_card,5.0,84.9,102.74,28.0,38,0,10.0,2017,11,Nov,4,0,2017-11,11,Monday,0
5691d72069359cd293ac9a14f1bd5e9b,a8f76d9cb0f8db57cbbfe8d67b257893,delivered,2018-07-23 10:21:28,2018-07-25 02:55:14,2018-07-25 13:19:00,2018-08-02 00:42:53,2018-08-14,1,8c0fd3e89ebf51f2fcff46abbc4eca05,715bbd5ba4e6b74cb0d2f29eb45058b0,2018-07-30 02:55:14,34.9,37.15,3353f4c5877c92dabf4068661b4564fd,TO,palmas,watches_gifts,500.0,38.0,12.0,38.0,13930,serra negra,SP,72.05,1.0,boleto,5.0,34.9,72.05,9.0,21,0,12.0,2018,7,Jul,3,0,2018-07,7,Monday,0
884cb4ce4a06390d35206de06f785d13,d19813c8754cc82d0add67df8bd8a38c,delivered,2018-04-03 20:44:15,2018-04-04 03:29:36,2018-04-04 19:12:15,2018-04-05 20:09:27,2018-04-13,1,0a8f26369822d83b82d0d3e87908fbd4,f262cbc1c910c83959f849465454ddd3,2018-04-10 03:29:36,16.99,7.39,0a289ff546b41e561b900c97b7bf6c78,SP,sao paulo,computers_accessories,250.0,19.0,5.0,13.0,3564,sao paulo,SP,24.38,1.0,boleto,4.0,16.99,24.38,1.0,9,0,8.0,2018,4,Apr,2,1,2018-04,4,Tuesday,1
8e9e2a5d159d5718b34b926a34a0498f,3e8da88b70b67f67a05f66a138bd7f14,delivered,2018-01-12 19:27:08,2018-01-12 19:37:22,2018-01-15 23:19:13,2018-01-17 22:08:50,2018-01-31,1,060f0122cdc8f25db4a0d7359fdae7b0,6560211a19b47992c3666cc44a7e94c0,2018-01-18 19:37:22,49.0,7.78,900cd19b12a13a27ae64bf2d4f1271ec,SP,itaquaquecetuba,watches_gifts,250.0,16.0,2.0,11.0,5849,sao paulo,SP,56.78,1.0,credit_card,5.0,49.0,56.78,5.0,18,0,13.0,2018,1,Jan,1,4,2018-01,1,Friday,4
c0aa0e99afe6f6dac845326a854690fd,316540a76ab1fe860a9cddf7f2f6717a,delivered,2017-07-24 17:19:00,2017-07-24 17:30:29,2017-07-26 00:58:24,2017-08-08 15:07:39,2017-08-11,1,4a523a9f00bf299d2496151b0e2a3238,c3867b4666c7d76867627c2f7fb22e21,2017-07-28 17:30:29,119.0,12.33,8234ef6394990aa58bc7078911f82f1b,SP,guarulhos,sports_leisure,1500.0,31.0,32.0,31.0,14580,guara,SP,131.33,1.0,credit_card,3.0,119.0,131.33,14.0,17,0,3.0,2017,7,Jul,3,0,2017-07,7,Monday,0
1d251ab94983c4adb11e4b168abb1439,230ab395e91b2421bd00ea45b60b23cb,delivered,2018-03-07 23:46:19,2018-03-08 00:49:38,2018-03-08 20:12:34,2018-03-16 13:58:58,2018-03-28,1,fb92dc4602bd9224e0e267496748afc5,8ae520247981aa06bc94abddf5f46d34,2018-03-14 00:49:38,219.0,19.41,cbc1758cf3d80ee00814749bdb650bd3,PR,cascavel,watches_gifts,475.0,21.0,14.0,19.0,88370,navegantes,SC,238.41,6.0,credit_card,5.0,219.0,238.41,8.0,20,0,12.0,2018,3,Mar,1,2,2018-03,3,Wednesday,2
d9cfa4b0f995deb2fa9758d5534e1d13,24d47eeeee1e60eb5caf099281d0b3b8,delivered,2018-06-05 11:36:11,2018-06-05 19:15:24,2018-06-06 14:59:00,2018-06-11 21:38:34,2018-07-16,1,096b00d9037146606b19d614cd67ab65,66dc1b1632bd6a3e508510c5b3492107,2018-06-13 19:15:24,129.9,18.79,e88522b2099d00ffd478720abcaeba48,RJ,itaperuna,health_beauty,100.0,16.0,5.0,11.0,17210,jau,SP,148.69,1.0,boleto,3.0,129.9,148.69,6.0,40,0,34.0,2018,6,Jun,2,1,2018-06,6,Tuesday,1
8a49984afb76dae66f3810e1b7093ec4,3cc640f13134a74f3bc34b9b0094d412,delivered,2018-02-15 23:27:21,2018-02-17 03:35:43,2018-02-19 23:53:13,2018-03-14 16:52:13,2018-03-20,1,64d0feb1bcf9c7fe7b5dad3271c10910,e5a38146df062edaf55c38afa99e42dc,2018-02-22 02:35:43,89.18,27.16,30e4588900a8ceade11dbe60525d107e,PE,catende,furniture_decor,750.0,25.0,15.0,35.0,1233,sao paulo,SP,116.34,1.0,boleto,5.0,89.18,116.34,26.0,32,0,6.0,2018,2,Feb,1,3,2018-02,2,Thursday,3
c26b94aa87e95d1c1eb1b592f43eb223,7aed8da5ae4e0e34226c47f3bf041956,delivered,2017-06-29 00:10:49,2017-06-29 00:23:33,2017-06-29 15:41:19,2017-07-10 17:36:56,2017-07-19,1,99a4788cb24856965c36a24e339b6058,4a3ca9315b744ce9f8e9374361493884,2017-07-05 00:23:33,89.9,12.13,7e69734dad7cfcbe95aa59f38095057d,SP,osasco,bed_bath_table,1383.0,50.0,10.0,40.0,14940,ibitinga,SP,204.06,2.0,credit_card,5.0,89.9,102.03,11.0,19,0,8.0,2017,6,Jun,2,3,2017-06,6,Thursday,3
c26b94aa87e95d1c1eb1b592f43eb223,7aed8da5ae4e0e34226c47f3bf041956,delivered,2017-06-29 00:10:49,2017-06-29 00:23:33,2017-06-29 15:41:19,2017-07-10 17:36:56,2017-07-19,2,35afc973633aaeb6b877ff57b2793310,4a3ca9315b744ce9f8e9374361493884,2017-07-05 00:23:33,89.9,12.13,7e69734dad7cfcbe95aa59f38095057d,SP,osasco,home_confort,1825.0,53.0,10.0,40.0,14940,ibitinga,SP,204.06,2.0,credit_card,5.0,89.9,102.03,11.0,19,0,8.0,2017,6,Jun,2,3,2017-06,6,Thursday,3
06ae7271902bbb087fc093137fee6e81,1a1b5f9e903aa3c203caf5cb63fca2b1,delivered,2018-01-19 21:07:32,2018-01-20 09:09:35,2018-01-29 20:17:05,2018-02-20 19:27:20,2018-02-22,1,da0bb22eb8eb2bce31a3784570528efb,3d871de0142ce09b7081e2b9d1733cb1,2018-01-30 09:09:35,79.0,17.8,701a19d561fa7884b12c229759819698,RJ,sao goncalo,stationery,6350.0,38.0,30.0,28.0,13232,campo limpo paulista,SP,96.8,1.0,boleto,5.0,79.0,96.8,31.0,33,0,2.0,2018,1,Jan,1,4,2018-01,1,Friday,4
8373f5d7df6d9249999fd38f8513e6d7,690515766f9073c82cc07cfa11c4fc11,delivered,2018-03-29 12:00:11,2018-03-29 12:48:47,2018-04-02 16:46:48,2018-04-09 19:26:42,2018-04-17,1,cac9e5692471a0700418aa3400b9b2b1,7ea5bfa6c340f58f8e71fc1f0412b0d6,2018-04-04 12:48:47,115.0,15.69,5925dfa8cd87ab4d852383f7039c8bc2,SP,sao paulo,baby,375.0,29.0,14.0,20.0,30180,belo horizonte,MG,130.69,1.0,debit_card,4.0,115.0,130.69,11.0,18,0,7.0,2018,3,Mar,1,3,2018-03,3,Thursday,3
4570fa83dbb31a563e06db0a554b951e,cdfe21141f5df77ba0fb20bef6621a9f,delivered,2018-03-15 20:23:45,2018-03-16 20:31:55,2018-03-20 23:42:44,2018-03-29 19:22:10,2018-04-06,1,7a27d105703555063bfa42ea2bfb32c8,77530e9772f57a62c906e1c21538ab82,2018-03-22 20:31:55,299.0,23.17,396e89f9a8b20de569b4f649539028db,SP,sao paulo,furniture_decor,2850.0,69.0,11.0,11.0,80310,curitiba,PR,322.17,6.0,credit_card,5.0,299.0,322.17,13.0,21,0,8.0,2018,3,Mar,1,3,2018-03,3,Thursday,3
04040ee654b248cdc512a68ecc83e4cc,53379b14e4048e025dc5a2185f461bb7,delivered,2018-03-27 22:14:59,2018-03-27 22:30:13,2018-03-29 01:04:03,2018-03-29 18:28:40,2018-04-09,1,cc7d8d232e6f5f27b70be81b68e27d6e,da8622b14eb17ae2831f4ac5b9dab84a,2018-04-02 22:30:13,259.9,15.29,50bcf3c27a375da1f5d33ab1798b38a4,SP,atibaia,bed_bath_table,3200.0,33.0,8.0,40.0,13405,piracicaba,SP,275.19,8.0,credit_card,4.0,259.9,275.19,1.0,12,0,11.0,2018,3,Mar,1,1,2018-03,3,Tuesday,1
0b584b729bdfec204ec2aa5d21d6ca56,da2fbad9b2235c67c9bc7c7a274ee389,delivered,2018-08-03 13:32:54,2018-08-04 05:05:18,2018-08-06 13:43:00,2018-08-14 00:28:41,2018-08-23,1,4a0d42e046d1d4d039b4b7807ca46e83,3bb32fedaa74e4ad20f4ce067733bd31,2018-08-08 05:05:18,55.9,22.32,279bd194cc9790cf88fbd6442e3cf716,MG,berilo,sports_leisure,185.0,23.0,17.0,23.0,88210,porto belo,SC,78.22,1.0,boleto,4.0,55.9,78.22,10.0,19,0,9.0,2018,8,Aug,3,4,2018-08,8,Friday,4
bd2623f3663c5daa3f89e6b527fd49da,b7b15ab12fa50616eee696a22f098e07,delivered,2017-01-21 17:08:01,2017-01-21 17:22:49,2017-01-24 07:47:47,2017-01-27 18:12:13,2017-03-02,1,6d59a3fe3140425fb175cdd1e688dc2e,cca3071e3e9bb7d12640c9fbe2301306,2017-01-27 17:08:01,29.9,10.96,c42ba47d1df4847a1fae69d1407c83d9,SP,mirassol,furniture_decor,400.0,30.0,10.0,30.0,14940,ibitinga,SP,40.86,4.0,credit_card,5.0,29.9,40.86,6.0,39,0,33.0,2017,1,Jan,1,5,2017-01,1,Saturday,5
343076b69aa1f03ee4beb49cf6baee58,a4156bb8aff5d6722dc68f605d8fa241,delivered,2017-09-26 11:08:38,2017-09-26 11:24:44,2017-09-28 19:33:54,2017-10-03 18:35:37,2017-10-23,1,f1d4ce8c6dd66c47bbaa8c6781c2a923,1f9ab4708f3056ede07124aad39a2554,2017-10-02 11:24:44,174.9,31.97,ff755148365a0062374c353946b68aa3,MG,alpercata,baby,4950.0,40.0,10.0,40.0,17602,tupa,SP,206.87,1.0,credit_card,4.0,174.9,206.87,7.0,26,0,19.0,2017,9,Sep,3,1,2017-09,9,Tuesday,1
f04bfdbef5359607d39e66fccc9cc0de,ddbd5d378c4a0981ba1ef29fb8e40b8f,delivered,2017-09-13 15:07:45,2017-09-13 15:25:15,2017-09-14 19:27:47,2017-09-22 16:48:51,2017-10-04,1,482c25dc8512547962854dfff5ac057b,48162d548f5b1b11b9d29d1e01f75a61,2017-09-19 15:25:15,217.85,129.84,74182c655b0270d9dde23ca43bb16a2e,GO,itumbiara,home_construction,544.0,22.0,13.0,18.0,13403,piracicaba,SP,998.49,1.0,credit_card,1.0,217.85,347.69,9.0,20,0,11.0,2017,9,Sep,3,2,2017-09,9,Wednesday,2
f04bfdbef5359607d39e66fccc9cc0de,ddbd5d378c4a0981ba1ef29fb8e40b8f,delivered,2017-09-13 15:07:45,2017-09-13 15:25:15,2017-09-14 19:27:47,2017-09-22 16:48:51,2017-10-04,2,027325f946f1b3d8f94c3496e9a59a10,4a3ccda38b2129705f3fb522db62ca31,2017-09-19 15:25:15,142.9,8.66,74182c655b0270d9dde23ca43bb16a2e,GO,itumbiara,construction_tools_safety,300.0,20.0,20.0,20.0,17504,marilia,SP,998.49,1.0,credit_card,1.0,142.9,151.56,9.0,20,0,11.0,2017,9,Sep,3,2,2017-09,9,Wednesday,2
f04bfdbef5359607d39e66fccc9cc0de,ddbd5d378c4a0981ba1ef29fb8e40b8f,delivered,2017-09-13 15:07:45,2017-09-13 15:25:15,2017-09-14 19:27:47,2017-09-22 16:48:51,2017-10-04,3,027325f946f1b3d8f94c3496e9a59a10,4a3ccda38b2129705f3fb522db62ca31,2017-09-19 15:25:15,142.9,8.66,74182c655b0270d9dde23ca43bb16a2e,GO,itumbiara,construction_tools_safety,300.0,20.0,20.0,20.0,17504,marilia,SP,998.49,1.0,credit_card,1.0,142.9,151.56,9.0,20,0,11.0,2017,9,Sep,3,2,2017-09,9,Wednesday,2
f04bfdbef5359607d39e66fccc9cc0de,ddbd5d378c4a0981ba1ef29fb8e40b8f,delivered,2017-09-13 15:07:45,2017-09-13 15:25:15,2017-09-14 19:27:47,2017-09-22 16:48:51,2017-10-04,4,482c25dc8512547962854dfff5ac057b,48162d548f5b1b11b9d29d1e01f75a61,2017-09-19 15:25:15,217.85,129.84,74182c655b0270d9dde23ca43bb16a2e,GO,itumbiara,home_construction,544.0,22.0,13.0,18.0,13403,piracicaba,SP,998.49,1.0,credit_card,1.0,217.85,347.69,9.0,20,0,11.0,2017,9,Sep,3,2,2017-09,9,Wednesday,2
d74d2985a4c187334dc59722076a2e5f,5f49d01f1579c231565f6629a6cb3c0f,delivered,2018-08-09 20:36:13,2018-08-09 20:50:14,2018-08-15 06:23:00,2018-08-25 00:46:26,2018-09-05,1,ba6060edcfb9011f13da2fcdc78a01b8,a3082f442524a1be452e3189e003b361,2018-08-15 20:50:14,95.9,32.81,cdd4e05e1a4f6713e1ae3805b30d7df2,PA,belem,auto,1700.0,30.0,14.0,30.0,81560,curitiba,SP,257.42,4.0,credit_card,4.0,95.9,128.71,15.0,26,0,11.0,2018,8,Aug,3,3,2018-08,8,Thursday,3
d74d2985a4c187334dc59722076a2e5f,5f49d01f1579c231565f6629a6cb3c0f,delivered,2018-08-09 20:36:13,2018-08-09 20:50:14,2018-08-15 06:23:00,2018-08-25 00:46:26,2018-09-05,2,ba6060edcfb9011f13da2fcdc78a01b8,a3082f442524a1be452e3189e003b361,2018-08-15 20:50:14,95.9,32.81,cdd4e05e1a4f6713e1ae3805b30d7df2,PA,belem,auto,1700.0,30.0,14.0,30.0,81560,curitiba,SP,257.42,4.0,credit_card,4.0,95.9,128.71,15.0,26,0,11.0,2018,8,Aug,3,3,2018-08,8,Thursday,3
bd3e89bd89fac4760b244047d795e2fe,046911a55a7bc12ca917758e9c4cb5ee,delivered,2017-12-07 09:40:04,2017-12-07 10:31:35,2017-12-07 20:21:06,2017-12-11 18:52:39,2018-01-02,1,78514b0a0cec96621010b7b6a2bfd6c6,30a2f535bb48308f991d0b9ad4a8c4bb,2017-12-13 10:31:35,49.9,11.85,875a8799fbbac7a0f209714bebde4f1e,SP,itapetininga,furniture_decor,450.0,50.0,3.0,25.0,13457,santa barbara d'oeste,SP,61.75,5.0,credit_card,5.0,49.9,61.75,4.0,25,0,21.0,2017,12,Dec,4,3,2017-12,12,Thursday,3
fb6ba131bbeb30fd6db9c8900b5c5b92,af5b08db5f1a31a3b6856a8a6dc33167,delivered,2018-05-30 02:41:28,2018-05-30 03:24:11,2018-05-30 13:39:00,2018-06-22 22:41:09,2018-07-18,1,99ba5fbf3ae895fe3a9289acd0a5eb91,562fc2f2c2863ab7e79a9e4388a58a14,2018-06-07 03:24:11,39.99,37.04,cd10a74ff01ce316302e0db00e90ccb4,CE,iraucuba,telephony,150.0,17.0,8.0,14.0,13070,campinas,SP,77.03,7.0,credit_card,5.0,39.99,77.03,23.0,48,0,25.0,2018,5,May,2,2,2018-05,5,Wednesday,2
82daed31f80350ce51f518369a8d181c,d1240cdcdb9e6f08aa9a329bf1751c0e,delivered,2017-06-27 10:45:08,2017-06-27 11:04:48,2017-06-27 14:56:54,2017-06-29 16:45:36,2017-07-10,1,dca8cbb1c9d8a2db0fbc0c36b8d1a7bc,6560211a19b47992c3666cc44a7e94c0,2017-07-03 11:04:48,89.0,7.88,657b9acae4845d34e8766e84be3de88b,SP,braganca paulista,audio,200.0,16.0,2.0,11.0,5849,sao paulo,SP,96.88,5.0,credit_card,5.0,89.0,96.88,2.0,12,0,10.0,2017,6,Jun,2,1,2017-06,6,Tuesday,1
4906eeadde5f70b308c20c4a8f20be02,4e7656e34357b93f14b40c6400ca3f6e,delivered,2017-12-08 04:45:26,2017-12-12 03:50:30,2017-12-12 17:43:21,2018-01-09 18:04:58,2018-01-03,1,ee406bf28024d97771c4b1e8b7e8e219,7a67c85e85bb2ce8582c35f2203ad736,2017-12-18 03:50:30,144.99,17.26,ea870f4fdfd85ac98ab775b76efe3143,RJ,rio de janeiro,cool_stuff,1050.0,36.0,24.0,22.0,3426,sao paulo,SP,162.25,1.0,boleto,,144.99,162.25,32.0,25,1,-7.0,2017,12,Dec,4,4,2017-12,12,Friday,4
ae17bb94dfb3eaf396cd393eace1de80,9cd169cea5076bf383e40a261d7b7142,delivered,2018-03-09 15:09:28,2018-03-09 17:00:39,2018-03-12 18:42:16,2018-03-26 21:07:18,2018-04-03,1,47969dd948e918289f809be899ddfb4c,014d9a685fd57276679edd00e07089e5,2018-03-15 16:30:39,43.99,13.47,c672c78ba400adf4deb64f3aedf65cb0,SP,campinas,stationery,258.0,19.0,12.0,19.0,87015,maringa,PR,57.46,1.0,credit_card,3.0,43.99,57.46,17.0,24,0,7.0,2018,3,Mar,1,4,2018-03,3,Friday,4
6379750dac6a8a1e11378e34278ae8df,6729078b4efa4371e61e6ec7df327846,delivered,2017-09-11 11:50:32,2017-09-11 12:05:28,2017-09-14 20:57:27,2017-09-19 21:47:09,2017-10-04,1,368c6c730842d78016ad823897a372db,1f50f920176fa81dab994f9023523100,2017-09-15 12:05:28,59.9,13.44,85234917cd71e079f2cb073da6f28fdb,SP,ribeirao preto,garden_tools,1650.0,30.0,22.0,30.0,15025,sao jose do rio preto,SP,73.34,2.0,credit_card,5.0,59.9,73.34,8.0,22,0,14.0,2017,9,Sep,3,0,2017-09,9,Monday,0
7ac1f3de2cdc809de6aa1e6719451f53,13a4684a5a46fcbafb42d8e30af15219,delivered,2018-06-12 09:52:46,2018-06-12 10:21:08,2018-06-12 15:31:00,2018-06-19 17:57:35,2018-07-12,1,7567d226ff0be3edcfca0124da0ca3f5,dfa0c4c6229ab200a4a1336b4d7128ff,2018-06-18 10:21:08,21.5,18.25,cdf80822e68184b438a469f3dc2121a4,SP,taubate,stationery,100.0,20.0,8.0,15.0,88085,florianopolis,SC,39.75,2.0,credit_card,5.0,21.5,39.75,7.0,29,0,22.0,2018,6,Jun,2,1,2018-06,6,Tuesday,1
aa466a92af916f9f68e56fce7d3a21b1,2c5491a76ec0a56db58282ea7ae70617,delivered,2018-07-03 01:17:32,2018-07-03 01:30:35,2018-07-03 13:58:00,2018-07-11 22:52:20,2018-08-08,1,4f84ff0aab6b53675317e34f2406ea99,52f9db5cfb423382a2fa5c9e39303202,2018-07-05 01:30:35,139.99,19.08,a4031c5f35399c228a1cd7ed7431fd02,RJ,rio de janeiro,health_beauty,250.0,25.0,15.0,20.0,19830,echapora,SP,159.07,1.0,credit_card,4.0,139.99,159.07,8.0,35,0,27.0,2018,7,Jul,3,1,2018-07,7,Tuesday,1
c619ac0f9cdcfcebdfb9490451166da4,e5f6020aa61432f0dcb0fcda1c5113d9,delivered,2017-05-23 15:28:58,2017-05-24 15:35:20,2017-06-01 16:27:24,2017-06-12 16:48:13,2017-06-23,1,011967a30ceeaa86acb72e79664544ad,e2aee0892199b1d92530e371abd825bf,2017-05-30 15:35:20,99.9,59.14,9d687a1e1a93c3d1788eaf38b05e0040,BA,jequie,sports_leisure,4100.0,17.0,105.0,12.0,86600,rolandia,PR,159.04,1.0,credit_card,3.0,99.9,159.04000000000002,20.0,30,0,10.0,2017,5,May,2,1,2017-05,5,Tuesday,1
31ef15cb5a3faa4df17e96b09cd8c1a1,19c6be9e0d7588d54ad848d44abeae95,delivered,2017-11-29 18:27:30,2017-11-29 19:31:02,2017-11-30 22:32:54,2017-12-11 21:44:51,2017-12-22,1,da023890ca0515244ea89dc905faceba,8b321bb669392f5163d04c59e235e066,2017-12-05 19:31:02,19.9,14.1,d84d4b0fd330741632546d09239344bc,DF,brasilia,auto,300.0,20.0,16.0,19.0,1212,sao paulo,SP,34.0,1.0,credit_card,4.0,19.9,34.0,12.0,22,0,10.0,2017,11,Nov,4,2,2017-11,11,Wednesday,2
dc400373e624e9b0435847a79813c658,4a00f00d951c167739888a1f16c56e8e,delivered,2018-01-14 18:49:14,2018-01-14 18:59:30,2018-01-16 20:15:54,2018-01-20 14:28:43,2018-01-30,1,91910bbde68f7027e850dcd82b25c5bb,2e1a7d075abe038c1b2743005fe42ff1,2018-01-18 18:59:30,39.9,9.34,d02cbb85434c84acabb8e81bbf064d3e,SP,pedreira,perfumery,650.0,25.0,35.0,30.0,3461,sao paulo,SP,49.24,1.0,credit_card,5.0,39.9,49.24,5.0,15,0,10.0,2018,1,Jan,1,6,2018-01,1,Sunday,6
09d3f9f1be63c067456cc619076685a1,b6f05b99667a02c3722610a7bb6b4062,delivered,2017-08-23 15:40:22,2017-08-23 17:33:57,2017-08-24 16:25:25,2017-08-29 21:36:55,2017-09-13,1,2d2fbde9939c282238dc0847b04c5018,ce27a3cc3c8cc1ea79d11e561e9bebb6,2017-08-29 16:20:13,52.0,11.86,d3940a0df7ce0786ee2c5a68f8149f91,SP,conchas,computers_accessories,300.0,22.0,12.0,20.0,3006,sao paulo,SP,63.86,1.0,credit_card,4.0,52.0,63.86,6.0,20,0,14.0,2017,8,Aug,3,2,2017-08,8,Wednesday,2
e3a83a19707a6f27e4fde8d6b13d43f4,39f944145e00598d075faec0bb1f447a,delivered,2017-09-10 22:32:14,2017-09-12 04:50:37,2017-09-13 18:26:58,2017-09-18 18:48:54,2017-09-28,1,9a36241ab9d33e23d58b50eddb5097c9,1acde099eb406aa220b1169b188b42da,2017-09-18 04:50:37,159.0,18.36,7f2a3bcef7f1ac62f0020784d1986eea,MG,juiz de fora,furniture_decor,2500.0,28.0,20.0,25.0,2532,sao paulo,SP,177.36,1.0,boleto,5.0,159.0,177.36,7.0,17,0,10.0,2017,9,Sep,3,6,2017-09,9,Sunday,6
7d2286ec219f58023352077d938dee48,5d6e19aed6284c2fcb4b1a0eba6820de,delivered,2018-08-21 16:45:44,2018-08-21 17:08:38,2018-08-22 15:18:00,2018-08-23 21:03:46,2018-08-27,1,bcd58b852a3b0152b6b384c4e4474ba2,8b321bb669392f5163d04c59e235e066,2018-08-23 17:08:38,132.0,11.94,a8f2d0c982dc7985992fa2b93fdb7863,SP,santana de parnaiba,cool_stuff,1400.0,25.0,20.0,20.0,1212,sao paulo,SP,143.94,1.0,credit_card,5.0,132.0,143.94,2.0,5,0,3.0,2018,8,Aug,3,1,2018-08,8,Tuesday,1
ec1fc57b72a7bbe5b32f9c606510db76,559f9d302aa523b2dd718e956f248db5,delivered,2018-05-27 17:59:00,2018-05-27 18:14:14,2018-06-06 16:10:00,2018-06-12 20:48:48,2018-07-03,1,e15746c8f73cb5e9d74ae01533fa02a5,b19f3ca2ea475913750f25a5c37c8d8f,2018-06-04 18:14:14,139.9,34.52,b4f36e3de7babd2a14f4a8d4a21d1eb7,SP,sao paulo,housewares,6550.0,32.0,20.0,21.0,35501,divinopolis,MG,174.42,2.0,credit_card,5.0,139.9,174.42000000000002,16.0,36,0,20.0,2018,5,May,2,6,2018-05,5,Sunday,6
16c24987724018f73b746aacfbb5f8e8,ffdc2af7160aed3bad21cbc8ec68c0c5,delivered,2017-05-20 02:48:00,2017-05-23 03:50:25,2017-06-05 13:58:19,2017-06-16 16:52:02,2017-06-09,1,f3dbf072e817667fbde052aae313cce1,973f21788dfab357250f69a8dcb7ddee,2017-05-29 03:50:25,135.0,45.45,49eb55b407f86a1e87d7898594e65c90,MG,belo horizonte,sports_leisure,18500.0,22.0,26.0,15.0,35530,claudio,MG,180.45,1.0,boleto,1.0,135.0,180.45,27.0,19,1,-8.0,2017,5,May,2,5,2017-05,5,Saturday,5
75f433fd5ff62807235cb08b520c3c49,c40c7807639289e3f1308ac6e5bc104f,delivered,2017-07-28 11:25:16,2017-07-28 11:35:14,2017-07-28 19:58:39,2017-08-07 20:41:57,2017-08-17,1,f9be8e0e5acd947d8f49dbc390b9ab20,4a3ca9315b744ce9f8e9374361493884,2017-08-03 11:35:14,153.0,12.57,07187fdb640eb2923d831b48ce809b54,SP,potirendaba,bed_bath_table,2400.0,45.0,15.0,35.0,14940,ibitinga,SP,165.57,3.0,credit_card,5.0,153.0,165.57,10.0,19,0,9.0,2017,7,Jul,3,4,2017-07,7,Friday,4
bca3dc20a3ec02261c5b17dc270e9e65,90065cd5c7c581bf099b1b9bd589a3fe,delivered,2017-12-05 10:34:52,2017-12-06 02:50:38,2017-12-08 21:41:59,2018-01-04 16:57:16,2018-01-05,1,617186c3d97ea56c9c683a8a3974e8c1,cc419e0650a3c5ba77189a1882b7556a,2017-12-14 02:50:38,84.99,16.35,e8dffc994f5e11c852b8706c0470ce53,MG,camanducaia,perfumery,550.0,21.0,12.0,20.0,9015,santo andre,SP,101.34,1.0,boleto,5.0,84.99,101.34,30.0,30,0,0.0,2017,12,Dec,4,1,2017-12,12,Tuesday,1
bbd64b019b5ea3ed83a114cc665328ff,3e87356efef361b40b30fd699f9e5638,delivered,2018-03-07 15:37:22,2018-03-07 15:55:42,2018-03-08 23:25:25,2018-03-10 00:05:13,2018-03-20,1,3f13f4fabd1eafe564af941a8ee8e279,5a8e7d5003a1f221f9e1d6e411de7c23,2018-03-14 15:55:42,59.9,9.42,2d3c25ea3f9a4d5136a7ff272b1b0ab1,SP,campinas,furniture_decor,600.0,65.0,11.0,13.0,13076,campinas,SP,69.32,5.0,credit_card,5.0,59.9,69.32,2.0,12,0,10.0,2018,3,Mar,1,2,2018-03,3,Wednesday,2
74c951ce0835b2741d3014321ae9c480,e26eb46e8146dedecc6524e5d9771047,delivered,2018-08-20 17:38:55,2018-08-20 17:50:28,2018-08-21 13:09:00,2018-08-22 19:29:04,2018-08-24,1,b4bcc9155de9c60e343ecbff22b86dc8,f8db351d8c4c4c22c6835c19a46f01b0,2018-08-23 17:50:28,129.9,9.66,26ad164ad913649d86d05c20c3eaad57,SP,osasco,cool_stuff,393.0,17.0,7.0,14.0,13324,salto,SP,139.56,5.0,credit_card,5.0,129.9,139.56,2.0,3,0,1.0,2018,8,Aug,3,0,2018-08,8,Monday,0
4e2160ff7a61b2bf4fbd2e527ea924d3,ea36ec29b56eded534644f21b9561efc,delivered,2018-02-09 13:48:17,2018-02-09 14:15:48,2018-02-09 22:53:10,2018-02-22 17:14:00,2018-03-06,1,72d3bf1d3a790f8874096fcf860e3eff,0bae85eb84b9fb3bd773911e89288d54,2018-02-15 14:15:48,38.25,16.11,cef44ce121b124fdc3438472b1ac4e9a,PR,londrina,toys,583.0,20.0,21.0,20.0,88301,itajai,SP,54.36,1.0,credit_card,5.0,38.25,54.36,13.0,24,0,11.0,2018,2,Feb,1,4,2018-02,2,Friday,4
b75b4f6e7c5fe3fa05707992a88d9d38,83da8aec5d2e8b2847e6ca45bea5588f,delivered,2018-08-02 14:41:02,2018-08-03 14:35:14,2018-08-06 08:31:00,2018-08-10 22:12:19,2018-08-16,1,de170bfa7e0f492c75a0f270fc44f629,11742f81550ac064cc9a40f67151d9ad,2018-08-09 14:31:41,412.0,24.7,bef61c4e2f6c5afdc112a9dc3a55cdc0,SP,nova odessa,air_conditioning,9100.0,59.0,17.0,37.0,15810,catanduva,SP,436.7,5.0,credit_card,5.0,412.0,436.7,8.0,13,0,5.0,2018,8,Aug,3,3,2018-08,8,Thursday,3
6f841dde94727854eaff3f66432c80ea,a9c9532060c9d245f06526c633d2dfba,delivered,2018-01-02 19:20:35,2018-01-02 19:32:22,2018-01-03 17:34:42,2018-01-27 14:27:59,2018-02-05,1,c600d7f13104e8db2ca2b9fa78581409,f18112da765e0971ca5d510dec322bdd,2018-01-08 19:32:22,168.9,24.05,5f38cc36e507c4d880489be38964af19,RJ,volta redonda,unknown,2400.0,42.0,15.0,27.0,88351,brusque,SC,192.95,3.0,credit_card,4.0,168.9,192.95,24.0,33,0,9.0,2018,1,Jan,1,1,2018-01,1,Tuesday,1
2b72a32a2c3e93fa260ca7655073886f,5265029daa29cc08d86b9f96cd99d03f,delivered,2018-04-18 15:40:36,2018-04-19 08:15:16,2018-04-25 13:34:00,2018-05-03 13:03:03,2018-05-18,1,cc3181a81384b6fc34602d49cb6068a6,e882b2a25a10b9c057cc49695f222c19,2018-04-25 08:15:16,1148.0,107.43,6940ba069c2c25350ea9e059b35d7d23,SC,garuva,home_appliances_2,18450.0,68.0,21.0,42.0,25963,teresopolis,RJ,1255.43,10.0,credit_card,5.0,1148.0,1255.43,14.0,29,0,15.0,2018,4,Apr,2,2,2018-04,4,Wednesday,2
3d087f98b006ae162b5e3b56e7bfdb4a,993a76ab0714792eb45d4ebdd58e9a1c,delivered,2018-01-05 11:04:11,2018-01-05 11:15:29,2018-01-05 21:33:18,2018-01-23 17:41:57,2018-02-14,1,306599a052830af3cfebe42ee7a79dde,53e4c6e0f4312d4d2107a8c9cddf45cd,2018-01-11 11:15:29,55.0,17.64,773d6a126278eaa169f2daeb9cc23ef9,PR,marechal candido rondon,housewares,1250.0,30.0,30.0,30.0,13920,pedreira,SP,72.64,7.0,credit_card,5.0,55.0,72.64,18.0,39,0,21.0,2018,1,Jan,1,4,2018-01,1,Friday,4
a7076e7aba13de8b66d95a55811290ed,1ae196062dab95e434e781a5319f0ab9,delivered,2018-05-14 11:04:55,2018-05-15 04:35:02,2018-05-15 16:22:00,2018-05-21 20:32:38,2018-06-04,1,10d9c039b5dcb3b2a4a4fd507fd187a0,7ad32824caee82087b3e2e5f33b1bf32,2018-05-21 04:30:42,39.0,12.79,02e9109b7e0a985108b43e573b6afb23,SP,sao paulo,bed_bath_table,900.0,50.0,5.0,50.0,14940,ibitinga,SP,51.79,1.0,boleto,4.0,39.0,51.79,7.0,20,0,13.0,2018,5,May,2,0,2018-05,5,Monday,0
d7f4e2f755cf2f40aa7c39804cfe01c4,18ad705482141f60ad05945506ef2b9e,delivered,2017-11-26 12:50:56,2017-11-26 13:14:18,2017-12-01 16:52:08,2017-12-08 17:02:43,2017-12-20,1,cec09725da5ed01471d9a505e7389d37,4d6d651bd7684af3fffabd5f08d12e5a,2017-11-30 13:14:18,69.9,20.98,37d2d1ac62901f9a36cff32ca86c9337,MG,uberlandia,sports_leisure,2500.0,20.0,11.0,11.0,17209,jau,SP,90.88,1.0,voucher,5.0,69.9,90.88,12.0,23,0,11.0,2017,11,Nov,4,6,2017-11,11,Sunday,6
6f5a2dbe5ccce73a9d053a542baabd1c,4d6793a25de1f63ca63869c6cd4b7b1f,delivered,2018-06-26 10:58:48,2018-06-26 11:18:28,2018-07-05 15:51:00,2018-07-07 17:37:38,2018-07-26,1,a630323d497e2acc89574e8b792c6936,e9bc59e7b60fc3063eb2290deda4cced,2018-07-09 11:18:28,139.5,14.32,d11a194f143fd919974b08483bc2dd84,PR,curitiba,computers_accessories,420.0,22.0,16.0,16.0,87083,maringa,PR,307.64,4.0,credit_card,1.0,139.5,153.82,11.0,29,0,18.0,2018,6,Jun,2,1,2018-06,6,Tuesday,1
6f5a2dbe5ccce73a9d053a542baabd1c,4d6793a25de1f63ca63869c6cd4b7b1f,delivered,2018-06-26 10:58:48,2018-06-26 11:18:28,2018-07-05 15:51:00,2018-07-07 17:37:38,2018-07-26,2,a630323d497e2acc89574e8b792c6936,e9bc59e7b60fc3063eb2290deda4cced,2018-07-09 11:18:28,139.5,14.32,d11a194f143fd919974b08483bc2dd84,PR,curitiba,computers_accessories,420.0,22.0,16.0,16.0,87083,maringa,PR,307.64,4.0,credit_card,1.0,139.5,153.82,11.0,29,0,18.0,2018,6,Jun,2,1,2018-06,6,Tuesday,1
66f6b3a33b0339acbf55dd71977c4293,282d52f23f7c0ece9340d411c4d2cdd9,delivered,2017-12-01 20:39:26,2017-12-01 20:50:55,2017-12-05 00:23:05,2017-12-18 22:29:05,2018-01-03,1,e9def91e99c8ecb7c5cef5e31506a056,850f4f8af5ea87287ac68de36e29107f,2017-12-14 20:50:55,69.99,15.25,edf0cf9568d3eb609706a98548c06e83,RJ,rio de janeiro,toys,500.0,19.0,11.0,20.0,4367,sao paulo,SP,85.24,1.0,credit_card,5.0,69.99,85.24,17.0,32,0,15.0,2017,12,Dec,4,4,2017-12,12,Friday,4
2f246ee329fce6932458bc7a10625d2a,45f9053fc8b24a6d5afa05b6d1b330ab,delivered,2017-05-26 18:35:51,2017-05-26 18:45:10,2017-05-29 09:37:28,2017-06-09 08:26:30,2017-06-28,1,060109450b2f49e4d5c4fdfd3d8ebc34,f8db351d8c4c4c22c6835c19a46f01b0,2017-06-01 18:45:10,24.9,16.79,ee25395beccf60a948ec3591ec9ddacf,BA,ibirataia,housewares,450.0,18.0,8.0,13.0,13324,salto,SP,41.69,4.0,credit_card,5.0,24.9,41.69,13.0,32,0,19.0,2017,5,May,2,4,2017-05,5,Friday,4
d65c179a817be22977e263fbc1a4fef4,e20e5dab42cf2fc3a11d1c89e087122b,delivered,2017-08-09 21:43:53,2017-08-09 22:03:51,2017-08-10 16:18:52,2017-08-18 21:09:45,2017-09-04,1,aa8627a375771ab01288705307ec4ae5,e333046ce6517bd8bb510291d44f0130,2017-08-15 22:03:51,75.0,21.02,4e21dec7323ad0b039b139d47fae3374,ES,vila velha,housewares,5750.0,40.0,25.0,30.0,18950,ipaussu,SP,96.02,9.0,credit_card,5.0,75.0,96.02,8.0,25,0,17.0,2017,8,Aug,3,2,2017-08,8,Wednesday,2
2babe10ce6bcb68b1e3bd35e24424466,debcdbb31583da1dbb6560b95ee39b18,delivered,2018-08-09 22:52:27,2018-08-09 23:05:11,2018-08-13 19:05:00,2018-08-15 00:27:44,2018-08-20,1,c985e917daf44dfe2779833209017098,95ec4458365c4d11f452ccf538377619,2018-08-15 23:05:11,18.9,7.39,ff5f63dc004a0f064fc459dc73e45bd1,SP,francisco morato,housewares,200.0,19.0,5.0,25.0,13481,limeira,SP,26.29,1.0,credit_card,4.0,18.9,26.29,5.0,10,0,5.0,2018,8,Aug,3,3,2018-08,8,Thursday,3
ac64f79a33bfa575fc5a17e7926df3d5,51a8d592336a414fea21f12534b0f797,delivered,2018-04-01 18:27:01,2018-04-02 17:55:24,2018-04-03 18:25:51,2018-04-04 19:47:44,2018-04-12,1,bd9fca6bf4bdcbf4094d7bc11415dfe5,ba90964cff9b9e0e6f32b23b82465f7b,2018-04-06 17:55:24,1099.0,20.6,5a6d092525ea183026c9b405b903fe0c,SP,sao paulo,small_appliances,4683.0,45.0,29.0,22.0,7140,guarulhos,SP,1119.6,10.0,credit_card,3.0,1099.0,1119.6,3.0,10,0,7.0,2018,4,Apr,2,6,2018-04,4,Sunday,6
727412faf7aef5ef3c7e0f03350d80c7,df01594ad086f53bdbbf927198981446,delivered,2017-04-19 13:45:55,2017-04-21 05:22:15,2017-04-27 05:53:19,2017-05-09 09:03:57,2017-05-25,1,eebe0f0f8b8d4e13e07a558b90e1a6dd,d2374cbcbb3ca4ab1086534108cc3ab7,2017-05-12 05:22:15,65.9,17.2,6ba3c687055589c6271f660f1fbf6595,RJ,nova iguacu,bed_bath_table,1200.0,36.0,14.0,36.0,14940,ibitinga,SP,83.1,1.0,boleto,5.0,65.9,83.10000000000001,19.0,35,0,16.0,2017,4,Apr,2,2,2017-04,4,Wednesday,2
cedd898e1a953e9a8f3d763a364f6717,d44c356f894fa28cffe33c455abb72ba,delivered,2017-08-17 17:03:31,2017-08-17 18:05:30,2017-08-18 19:57:56,2017-08-25 17:45:17,2017-09-13,1,eb719445ec882a7b60518fd8b55c1b0f,7e3f87d16fb353f408d467e74fbd8014,2017-08-23 18:05:30,28.9,15.1,2825ce9bfc557b2f9e46019382c0ecf6,ES,cachoeiro de itapemirim,computers_accessories,500.0,16.0,5.0,15.0,4809,sao paulo,SP,44.0,1.0,voucher,4.0,28.9,44.0,8.0,26,0,18.0,2017,8,Aug,3,3,2017-08,8,Thursday,3
858505c5992f35429d07aae37bad60a8,0fa5382628eea6bbb19fde8b076dfdfb,delivered,2018-08-16 10:39:48,2018-08-16 10:50:16,2018-08-22 13:47:00,2018-08-27 22:53:39,2018-09-21,1,18b0e642cbae7251e60a64aa07dd9eb9,85d9eb9ddc5d00ca9336a2219c97bb13,2018-08-29 10:50:16,22.32,22.09,ad8afaa36c68da1bb75598c756c1148e,ES,alfredo chaves,computers_accessories,200.0,41.0,2.0,29.0,31255,belo horizonte,MG,44.41,4.0,credit_card,5.0,22.32,44.41,11.0,35,0,24.0,2018,8,Aug,3,3,2018-08,8,Thursday,3
6cb134bb285a64b0425d1fdaa00d4214,d854800a320bbb07b484f76894e4638f,delivered,2018-07-01 20:54:21,2018-07-02 20:50:21,2018-07-03 10:48:00,2018-07-10 22:12:13,2018-07-26,1,463cdd8acfe23847f35e29076df0bbbd,c3acdfac4e3e97ff87529454fbc03642,2018-07-06 20:50:21,1999.0,32.09,a813e96ecd044395587037a8314a4151,PR,arapongas,watches_gifts,550.0,16.0,16.0,11.0,5705,sao paulo,SP,2031.09,1.0,credit_card,5.0,1999.0,2031.09,9.0,24,0,15.0,2018,7,Jul,3,6,2018-07,7,Sunday,6
f11e9516ca2b6091b64f2e2ea0ebebb3,7d527c98f408420a9d5c953e5b89215e,delivered,2018-02-22 20:53:14,2018-02-22 21:28:02,2018-02-23 23:19:09,2018-03-28 22:04:44,2018-03-19,1,7a10781637204d8d10485c71a6108a2e,4869f7a5dfa277a7dca6462dcf3b52b2,2018-02-28 21:28:02,204.0,18.68,dc184f142552a38189d5d5428d1984a6,MG,tres coracoes,watches_gifts,342.0,18.0,13.0,15.0,14840,guariba,SP,222.68,1.0,credit_card,1.0,204.0,222.68,34.0,24,1,-10.0,2018,2,Feb,1,3,2018-02,2,Thursday,3
4d4ef6cd8147028ffd8c18dc0f6e3050,9afa8a81202f94d96ffed6977f09ea63,delivered,2018-08-24 19:01:02,2018-08-24 19:15:11,2018-08-25 09:02:00,2018-08-31 01:13:33,2018-09-12,1,027cdd14a677a5834bc67a9789db5021,81f89e42267213cb94da7ddc301651da,2018-08-29 19:15:11,69.0,18.58,a1fdca07add1ff66dda1ccc4de576050,MG,santa rita do sapucai,perfumery,341.0,20.0,18.0,16.0,19063,presidente prudente,SP,87.58,8.0,credit_card,5.0,69.0,87.58,6.0,18,0,12.0,2018,8,Aug,3,4,2018-08,8,Friday,4
0438fc3e115633e11a93c878a1591016,369ec69ef76c47e51980b88a5740dc1b,delivered,2018-08-11 20:58:44,2018-08-13 10:10:18,2018-08-15 13:54:00,2018-08-20 22:57:43,2018-08-28,1,afeeea6271148ee1bb15173b8187c431,53243585a1d6dc2643021fd1853d8905,2018-08-17 10:10:18,249.0,15.22,1acfddcc366d45e07b84eedc46282cdc,BA,andorinha,telephony,450.0,17.0,3.0,11.0,42738,lauro de freitas,BA,264.22,3.0,credit_card,5.0,249.0,264.22,9.0,16,0,7.0,2018,8,Aug,3,5,2018-08,8,Saturday,5
3faf126d8a3b0684272791cd3c6cf3fe,824841f5112b77c04e832f5a46c2d733,delivered,2018-02-25 14:13:44,2018-02-25 14:28:09,2018-02-28 19:59:33,2018-03-07 18:31:53,2018-03-28,1,e4d325bd1eea550509bdbbc5c3301fc1,7178f9f4dd81dcef02f62acdf8151e01,2018-03-06 14:28:09,349.9,18.21,903da68ad12a13ea58f14a292c0c50c6,SP,jacarei,perfumery,525.0,16.0,16.0,18.0,89560,videira,SC,368.11,8.0,credit_card,5.0,349.9,368.11,10.0,30,0,20.0,2018,2,Feb,1,6,2018-02,2,Sunday,6
0b0f3c7a9bcb6ad1fccab28f9240da6f,7bb3b0d45b4e1a13cd914e4a135e6bd9,delivered,2018-07-11 17:22:56,2018-07-11 17:35:21,2018-07-12 16:19:00,2018-07-13 20:56:37,2018-07-23,1,d929915b6b69f9c91192c898b6fc21fc,97512d3fc193b2d1dfcdba0f9d1f0f8a,2018-07-17 17:35:21,64.99,31.48,286cb34c005540e593bea6045b73bc5a,SP,sao paulo,computers_accessories,1050.0,105.0,11.0,12.0,8270,sao paulo,SP,96.47,1.0,credit_card,4.0,64.99,96.47,2.0,11,0,9.0,2018,7,Jul,3,2,2018-07,7,Wednesday,2
65f78a0e1f8b80c4f6d8d5c6073b8601,1910935b7377a45bca463c844d7a071e,delivered,2018-07-31 16:16:19,2018-07-31 17:30:58,2018-08-02 12:35:00,2018-08-06 17:36:34,2018-08-14,1,242e1933d9cb1c789d3c6a3f2d083ba0,e48b04bf1aa1ef711caebeb7aede6180,2018-08-06 17:04:21,185.9,35.38,0bc50d5cbce10d91edc3e935d068ef0b,SP,sao paulo,toys,8975.0,60.0,48.0,17.0,80240,curitiba,PR,221.28,2.0,credit_card,5.0,185.9,221.28,6.0,13,0,7.0,2018,7,Jul,3,1,2018-07,7,Tuesday,1
b7e4aca3e798d20643faacb681272a9c,be64f74b2773efd8d765f8417b65d276,delivered,2017-10-11 17:31:49,2017-10-11 17:46:20,2017-10-16 22:14:11,2017-10-25 20:21:43,2017-11-08,1,7d935f57cbfeccf7e6952dd286c3eba6,fa1c13f2614d7b5c4749cbc52fecda94,2017-10-18 18:46:20,154.9,17.52,33b141e373b4f251b033f9ed33d6974d,BA,casa nova,watches_gifts,300.0,16.0,11.0,11.0,13170,sumare,SP,172.42,5.0,credit_card,5.0,154.9,172.42000000000002,14.0,27,0,13.0,2017,10,Oct,4,2,2017-10,10,Wednesday,2
b52d29abb97a3978df1d8922bfe36fbe,ed034127e0801850ca9162dd9de7a106,delivered,2018-05-09 17:11:41,2018-05-09 17:36:11,2018-05-10 14:28:00,2018-05-21 15:38:36,2018-05-29,1,5f42d57952b7815098979a5c4fa6f82a,c70c1b0d8ca86052f45a432a38b73958,2018-05-11 17:30:50,110.32,17.16,ee3575d8ee7cd3251e3efd6f9cf23fea,GO,anapolis,health_beauty,150.0,22.0,3.0,15.0,13186,hortolandia,SP,283.54,5.0,credit_card,5.0,110.32,127.48,11.0,19,0,8.0,2018,5,May,2,2,2018-05,5,Wednesday,2
b52d29abb97a3978df1d8922bfe36fbe,ed034127e0801850ca9162dd9de7a106,delivered,2018-05-09 17:11:41,2018-05-09 17:36:11,2018-05-10 14:28:00,2018-05-21 15:38:36,2018-05-29,2,6463e442310f2f4f321c83a32d8c662b,4be6b962d83299498bae2190f95d6566,2018-05-14 17:30:50,138.9,17.16,ee3575d8ee7cd3251e3efd6f9cf23fea,GO,anapolis,health_beauty,350.0,19.0,10.0,15.0,13561,sao carlos,SP,283.54,5.0,credit_card,5.0,138.9,156.06,11.0,19,0,8.0,2018,5,May,2,2,2018-05,5,Wednesday,2
3f596c69e8e78788530d898331118c7c,6230e4c4b38009c58b83aa90c2603ed9,delivered,2017-11-25 16:23:49,2017-11-25 16:34:24,2017-12-01 00:16:56,2017-12-12 00:35:02,2017-12-21,1,2eb384017334e47db9ccf364216799df,98dac6635aee4995d501a3972e047414,2017-11-30 16:34:24,21.15,23.22,ae33f41c36f829c6194fdf1ba5721b88,BA,vitoria da conquista,housewares,5500.0,32.0,32.0,32.0,2030,sao paulo,SP,44.37,3.0,credit_card,5.0,21.15,44.37,16.0,25,0,9.0,2017,11,Nov,4,5,2017-11,11,Saturday,5
0c228d925a49aa5e3b35febb948f4f72,ee4a4b5842e03fbaff366b9459e08b95,delivered,2018-07-24 12:45:26,2018-07-24 13:24:34,2018-07-25 07:24:00,2018-07-30 16:56:35,2018-08-08,1,a526c4bc0a48c0e4345f97af496d87cd,7b07b3c7487f0ea825fc6df75abd658b,2018-07-26 13:24:34,144.9,16.11,4b154e0720d0923cee4489015af0f662,RJ,niteroi,sports_leisure,200.0,23.0,11.0,15.0,2016,sao paulo,SP,161.01,2.0,credit_card,5.0,144.9,161.01,6.0,14,0,8.0,2018,7,Jul,3,1,2018-07,7,Tuesday,1
6cc4eb51469dec50a6130fe1cd07b7f9,a207382f0f563c1f430ef732ade9d9ff,delivered,2017-05-08 12:22:44,2017-05-08 13:05:31,2017-05-09 08:22:23,2017-05-19 15:55:47,2017-05-19,1,d458378a178cd7cae60052319cebf235,aba1721a889e04decc910aa13b768ef4,2017-05-12 13:05:31,131.0,8.17,71f93416aba3c29ee0929275f545b506,SP,guarulhos,stationery,200.0,24.0,7.0,14.0,5729,sao paulo,SP,139.17,6.0,credit_card,5.0,131.0,139.17,11.0,10,1,-1.0,2017,5,May,2,0,2017-05,5,Monday,0
4709741e829775567b92abc42437b461,bd13582471af02ce718568d9cf8bbd93,delivered,2018-03-29 22:46:19,2018-03-29 22:55:21,2018-04-03 14:58:57,2018-04-09 23:52:06,2018-04-25,1,b4b817e5f2c4efc8253b4b679c653847,972d0f9cf61b499a4812cf0bfa3ad3c4,2018-04-04 22:55:21,94.5,23.24,ecf3b5c0c40d0fe49084ec3a467b952d,SP,praia grande,bed_bath_table,2150.0,26.0,26.0,23.0,88359,brusque,SC,117.74,8.0,credit_card,5.0,94.5,117.74,11.0,26,0,15.0,2018,3,Mar,1,3,2018-03,3,Thursday,3
0341b60065c49221a27293793f11b117,cf4604a56d4e374de013f1ec35280d00,delivered,2018-04-22 14:26:17,2018-04-24 17:34:43,2018-04-25 00:52:03,2018-05-20 18:19:35,2018-05-24,1,41c24b8ce92d1a2cac62db5edfd088b2,4869f7a5dfa277a7dca6462dcf3b52b2,2018-04-26 15:31:39,102.9,22.43,98af3235f3dc55bc74cb8932c64b3523,BA,salvador,watches_gifts,314.0,18.0,11.0,14.0,14840,guariba,SP,125.33,4.0,credit_card,5.0,102.9,125.33,28.0,31,0,3.0,2018,4,Apr,2,6,2018-04,4,Sunday,6
25ebb07a1069a75d3cb9baf0a94f22d0,d76dc2ed3d9f58905f39deea067fd40f,delivered,2018-07-22 06:24:50,2018-07-23 11:32:12,2018-07-25 06:36:00,2018-07-30 18:05:46,2018-08-14,1,feeed1b9f26cce6eb3cb81af65eddd9e,381c83fdca332ea6afd896da20bf6e4a,2018-07-26 09:19:18,182.0,19.42,addbdb6a87401fca750e8aa543641232,MG,belo horizonte,watches_gifts,700.0,18.0,12.0,16.0,80010,curitiba,PR,201.42,8.0,credit_card,5.0,182.0,201.42,8.0,22,0,14.0,2018,7,Jul,3,6,2018-07,7,Sunday,6
c2d07d9078b700b9198a126183867c16,20c5718e5f50e1e3800046039376e216,delivered,2018-08-14 17:48:09,2018-08-14 18:23:55,2018-08-16 09:02:00,2018-08-21 14:06:44,2018-08-30,1,48b68cf8eebb10e4dbf1b1ba6cf00107,0951a6e282947e09cd47969f4ed0b47f,2018-08-17 18:23:55,18.0,12.79,6f90f04011f53535e2ed7add0e6e9775,SP,irapua,health_beauty,150.0,16.0,5.0,11.0,6763,taboao da serra,SP,30.79,2.0,credit_card,5.0,18.0,30.79,6.0,15,0,9.0,2018,8,Aug,3,1,2018-08,8,Tuesday,1
25d47ee9a060a0359e8a10a858fc39a1,3271f9dc34c1d718be03cff03dec7acd,delivered,2017-12-19 13:02:13,2017-12-21 02:11:17,2017-12-21 16:59:06,2018-01-12 10:46:56,2018-01-17,1,165f86fe8b799a708a20ee4ba125c289,7ddcbb64b5bc1ef36ca8c151f6ec77df,2017-12-28 02:11:17,166.99,23.49,c63f1bf0ff66dc26aa7e32552b3d42d1,GO,aguas lindas de goias,cool_stuff,2425.0,29.0,30.0,19.0,4403,sao paulo,SP,190.48,1.0,boleto,4.0,166.99,190.48,23.0,28,0,5.0,2017,12,Dec,4,1,2017-12,12,Tuesday,1
cf0ac4e12ad66c28302fc103670222fa,70ab5e994ea383619a19687837eedbbc,delivered,2017-10-25 13:32:46,2017-10-26 03:09:00,2017-10-26 20:42:31,2017-10-28 13:03:21,2017-11-07,1,c3fff1789c3ee48e562e3ce051a4fa3f,ef506c96320abeedfb894c34db06f478,2017-11-01 03:08:30,25.99,7.78,9fdda3b176806e4447ead693e25ee82a,SP,sao paulo,telephony,200.0,19.0,4.0,11.0,3569,sao paulo,SP,33.77,1.0,boleto,5.0,25.99,33.77,2.0,12,0,10.0,2017,10,Oct,4,2,2017-10,10,Wednesday,2
43488f856ed3fa3e7d3f8228755d383b,5a58afc695ee03b9baca01d4afa52cec,delivered,2017-07-31 19:05:32,2017-08-01 15:15:19,2017-08-04 17:29:54,2017-08-14 15:07:37,2017-09-01,1,674d9e3c3964c35239687c920b19a307,2138ccb85b11a4ec1e37afbd1c8eda1f,2017-08-07 15:15:19,29.99,25.63,f2eb5bf76a4172b5ac7fc0ce6d64c3da,PE,caruaru,telephony,100.0,19.0,3.0,11.0,8250,sao paulo,SP,55.620000000000005,2.0,credit_card,5.0,29.99,55.62,13.0,31,0,18.0,2017,7,Jul,3,0,2017-07,7,Monday,0
32bda40452bf0485c310bca24eb53886,ebfb3f2e532c37d5a959ded000c9f603,delivered,2018-07-06 18:16:06,2018-07-10 08:45:18,2018-07-11 11:51:00,2018-07-16 13:11:06,2018-07-27,1,8899e549604c83a99da5fd3ec51d955d,ce27a3cc3c8cc1ea79d11e561e9bebb6,2018-07-16 08:45:18,31.99,12.88,01593b828c6e7c516ed078a4820ab9b2,SP,jaboticabal,cool_stuff,200.0,30.0,20.0,40.0,3006,sao paulo,SP,44.87,1.0,boleto,4.0,31.99,44.87,9.0,20,0,11.0,2018,7,Jul,3,4,2018-07,7,Friday,4
2728209b1b0553533bce4afc52716b60,8e2e23cac1496c337274b16fb7d57886,delivered,2017-10-24 14:23:58,2017-10-26 02:56:19,2017-10-26 19:23:36,2017-11-01 19:18:41,2017-11-14,1,b573e2860f2732edf610345956e81bb9,165fc07beebdcb6190fba8a06db2a449,2017-11-01 02:56:19,175.0,16.99,4509c8f5e9f3c62a7fe74eca06996bad,RS,porto alegre,computers_accessories,850.0,38.0,11.0,13.0,87015,maringa,PR,383.98,1.0,boleto,4.0,175.0,191.99,8.0,20,0,12.0,2017,10,Oct,4,1,2017-10,10,Tuesday,1
2728209b1b0553533bce4afc52716b60,8e2e23cac1496c337274b16fb7d57886,delivered,2017-10-24 14:23:58,2017-10-26 02:56:19,2017-10-26 19:23:36,2017-11-01 19:18:41,2017-11-14,2,b573e2860f2732edf610345956e81bb9,165fc07beebdcb6190fba8a06db2a449,2017-11-01 02:56:19,175.0,16.99,4509c8f5e9f3c62a7fe74eca06996bad,RS,porto alegre,computers_accessories,850.0,38.0,11.0,13.0,87015,maringa,PR,383.98,1.0,boleto,4.0,175.0,191.99,8.0,20,0,12.0,2017,10,Oct,4,1,2017-10,10,Tuesday,1
b335cf4d393acc627b82e83b3b3711fe,47c42b50ab59928b531c450e672ce223,delivered,2018-06-12 20:54:25,2018-06-13 02:36:32,2018-06-15 13:13:00,2018-06-22 15:48:47,2018-07-05,1,f8d86453c62a01cc2920531c0bdf194d,7ad41305e96a6cab8294cd65891e9a86,2018-06-19 02:32:22,60.0,23.22,963b5a699e9bba3b80c664365386e69d,SP,sao paulo,sports_leisure,1150.0,27.0,16.0,22.0,28810,rio bonito,SP,83.22,1.0,boleto,5.0,60.0,83.22,9.0,22,0,13.0,2018,6,Jun,2,1,2018-06,6,Tuesday,1
59d34e1064930d037d30041b73683aa7,8397274a8680c08c3208912c33d63809,delivered,2017-11-09 21:08:01,2017-11-09 21:31:38,2017-11-10 21:58:38,2017-11-16 16:52:00,2017-11-29,1,62224b433a431310bf27129938ad9f64,7b07b3c7487f0ea825fc6df75abd658b,2017-11-16 21:30:28,84.94,12.93,9eeaf54f02f98c43be6b0d01e3978660,SP,sao jose do rio preto,sports_leisure,700.0,49.0,12.0,27.0,2016,sao paulo,SP,97.87,1.0,credit_card,5.0,84.94,97.87,6.0,19,0,13.0,2017,11,Nov,4,3,2017-11,11,Thursday,3
6f6665c1d76e55561978ccb45bdcafc6,12ae89712aa5a178c22147486d3cd310,delivered,2017-02-23 08:03:00,2017-02-23 08:15:17,2017-02-23 09:10:22,2017-03-02 09:23:07,2017-04-03,1,d86db9a9e478ff057c0541537639a10e,cca3071e3e9bb7d12640c9fbe2301306,2017-03-05 08:03:00,21.9,14.52,3b9e2937de55d40ff1f7539bee704b40,RJ,rio de janeiro,furniture_decor,300.0,25.0,2.0,17.0,14940,ibitinga,SP,109.26,1.0,credit_card,3.0,21.9,36.42,7.0,38,0,31.0,2017,2,Feb,1,3,2017-02,2,Thursday,3
6f6665c1d76e55561978ccb45bdcafc6,12ae89712aa5a178c22147486d3cd310,delivered,2017-02-23 08:03:00,2017-02-23 08:15:17,2017-02-23 09:10:22,2017-03-02 09:23:07,2017-04-03,2,d86db9a9e478ff057c0541537639a10e,cca3071e3e9bb7d12640c9fbe2301306,2017-03-05 08:03:00,21.9,14.52,3b9e2937de55d40ff1f7539bee704b40,RJ,rio de janeiro,furniture_decor,300.0,25.0,2.0,17.0,14940,ibitinga,SP,109.26,1.0,credit_card,3.0,21.9,36.42,7.0,38,0,31.0,2017,2,Feb,1,3,2017-02,2,Thursday,3
6f6665c1d76e55561978ccb45bdcafc6,12ae89712aa5a178c22147486d3cd310,delivered,2017-02-23 08:03:00,2017-02-23 08:15:17,2017-02-23 09:10:22,2017-03-02 09:23:07,2017-04-03,3,d86db9a9e478ff057c0541537639a10e,cca3071e3e9bb7d12640c9fbe2301306,2017-03-05 08:03:00,21.9,14.52,3b9e2937de55d40ff1f7539bee704b40,RJ,rio de janeiro,furniture_decor,300.0,25.0,2.0,17.0,14940,ibitinga,SP,109.26,1.0,credit_card,3.0,21.9,36.42,7.0,38,0,31.0,2017,2,Feb,1,3,2017-02,2,Thursday,3
db5fdbee9ab29d55f24c329246e6fe51,3487bedbddf4797d7308d0aa43dcf30b,delivered,2017-06-17 13:16:44,2017-06-17 13:25:13,2017-06-19 12:49:33,2017-06-26 15:58:13,2017-07-11,1,55945cf4a4e6def88dcc8996a581608a,e9779976487b77c6d4ac45f75ec7afe9,2017-06-22 13:25:13,89.0,15.37,9949e007c1f037474a3423372cccb701,RJ,itaguai,health_beauty,275.0,28.0,12.0,22.0,11701,praia grande,SP,104.37,3.0,credit_card,1.0,89.0,104.37,9.0,23,0,14.0,2017,6,Jun,2,5,2017-06,6,Saturday,5
9cf566da5a3277749dbd61fa060e8110,a4c79e8a9d9fcb82de5dddf33918fb47,delivered,2017-05-29 12:35:44,2017-05-29 13:05:34,2017-06-05 15:52:05,2017-06-12 13:28:32,2017-06-29,1,331e79a28ee5afbb321a3146653085f2,7c67e1448b00f6e969d365cea6b010ab,2017-06-08 13:05:34,159.99,45.58,399a778f5be153d30884026d52e5313b,RS,estrela,office_furniture,10725.0,57.0,55.0,22.0,8577,itaquaquecetuba,SP,205.57,5.0,credit_card,4.0,159.99,205.57,14.0,30,0,16.0,2017,5,May,2,0,2017-05,5,Monday,0
15fb9c745e91eff5482a9af2a5fad0e6,3c14bd3e2287a1b895bc9af622d3f79a,delivered,2018-05-24 12:16:48,2018-05-25 08:14:40,2018-05-29 10:09:00,2018-06-04 17:16:36,2018-07-05,1,5650f9e1f73d0a1c0176988cf2e950d5,2d518637f53161b973e01f56ea4bb88e,2018-06-01 08:14:40,99.99,37.39,081e0e600cfd38bd7eabb583b2af18a3,CE,fortaleza,sports_leisure,400.0,16.0,11.0,12.0,2992,sao paulo,SP,137.38,1.0,credit_card,5.0,99.99,137.38,11.0,41,0,30.0,2018,5,May,2,3,2018-05,5,Thursday,3
141ad0192cfa16174e4fd0a1a7e7ba4a,00eb2bf26ade27447b6532561c6a402d,delivered,2018-06-03 21:08:31,2018-06-03 21:30:06,2018-06-04 14:56:00,2018-06-05 20:32:10,2018-06-28,1,290bd89e961af9ea5a733bc477c50355,8648b1e89e9b349e32d3741b30ec737e,2018-06-11 21:30:06,94.5,9.58,cc320e08bc9bc1b0a30e551d1de1e26d,SP,sao paulo,construction_tools_construction,641.0,21.0,12.0,17.0,12308,jacarei,SP,104.08,3.0,credit_card,5.0,94.5,104.08,1.0,24,0,23.0,2018,6,Jun,2,6,2018-06,6,Sunday,6
e5d931ebd7214cd492fff71fb6a2aeff,f19622365d4c40c686c8ca3bec559e48,delivered,2018-05-14 17:56:57,2018-05-16 03:15:21,2018-05-16 13:25:00,2018-05-23 20:31:55,2018-06-14,1,1b947042ada4bafeaeb8714e1584d5b1,31344c16881c08a8a72c6d2eb29918c1,2018-05-22 03:15:21,189.9,32.8,bc7fad0e4189527e86792ba981941140,RJ,rio de janeiro,furniture_decor,5950.0,64.0,8.0,64.0,36500,uba,MG,222.7,1.0,boleto,5.0,189.9,222.7,9.0,30,0,21.0,2018,5,May,2,0,2018-05,5,Monday,0
7842147864c0425541edd55923f3c0f1,218874412ede29f4f2cf826409ad90aa,delivered,2018-01-29 13:38:02,2018-01-29 13:57:11,2018-01-30 21:18:31,2018-02-17 09:32:39,2018-02-22,1,363218ba55c610b750224f90bdd34be1,33a6f4b1e7cdc205511e76ba1b6e0186,2018-02-06 13:57:11,79.99,14.31,61b262310a6e93c6b63efa804ce63a7a,RJ,rio de janeiro,bed_bath_table,1813.0,67.0,12.0,47.0,7084,guarulhos,SP,94.3,1.0,credit_card,5.0,79.99,94.3,18.0,23,0,5.0,2018,1,Jan,1,0,2018-01,1,Monday,0
6b7c5703bdc03335b37020877a06625e,9ce1401cf82bd5420fe255e02d6292ba,delivered,2017-11-24 01:34:00,2017-11-24 01:49:32,2017-11-30 23:38:27,2017-12-03 15:36:44,2017-12-15,1,0688d52e92d927814617e26d7702df10,681fce914360217db47784ae28905a96,2017-11-30 01:49:32,65.0,14.2,cabd6d095f9967f7044473021795247c,SP,carapicuiba,perfumery,133.0,21.0,12.0,19.0,83709,araucaria,PR,79.2,1.0,credit_card,4.0,65.0,79.2,9.0,20,0,11.0,2017,11,Nov,4,4,2017-11,11,Friday,4
cbbb524a0e1646aa6cf7a3c0bbe517ad,dacb079d55ffb1d3955c5d923df3ebb7,delivered,2016-10-05 07:31:49,2016-10-06 02:46:24,2016-10-10 02:46:24,2016-10-16 14:36:00,2016-12-07,1,bab7ff9abbcc13690a62d015f2ca8e44,229c3efbfb0ea2058de4ccdfbc3d784a,2016-10-10 02:46:24,75.0,20.58,12cc890391e57d7123e004856ff1f137,PE,recife,computers_accessories,250.0,30.0,7.0,20.0,30190,belo horizonte,MG,95.58,1.0,boleto,1.0,75.0,95.58,11.0,62,0,51.0,2016,10,Oct,4,2,2016-10,10,Wednesday,2
77af7c6e42549e58f42977d5be538d0d,fbf8e675c5adcf8c482b04c517814924,delivered,2018-03-07 16:27:30,2018-03-08 17:40:32,2018-03-09 17:01:11,2018-03-18 16:21:49,2018-03-28,1,97afd188bb555122d11925deb0052174,fdaaf5bfda82b7b80535610c831b8d09,2018-03-14 17:10:55,109.9,18.65,06b672c7ae6d7ef4cbe41318c397537a,PR,curitiba,sports_leisure,350.0,16.0,6.0,11.0,15015,sao jose do rio preto,SP,128.55,1.0,boleto,5.0,109.9,128.55,10.0,20,0,10.0,2018,3,Mar,1,2,2018-03,3,Wednesday,2
7e05645577366863a93350aac5cc7de5,21809d6b8acb4ca628358610aea9435c,delivered,2017-03-22 17:25:28,2017-03-22 17:25:28,2017-03-24 15:42:43,2017-04-06 10:35:15,2017-04-25,1,fd55ab8af788f6bba621cd37a8701889,062ce95fa2ad4dfaedfc79260130565f,2017-03-29 17:25:28,68.9,79.86,59f72bd03edfc6d071ee1091ea4dbaa6,MG,aracuai,sports_leisure,3900.0,20.0,78.0,55.0,95913,lajeado,RS,148.76,6.0,credit_card,3.0,68.9,148.76,14.0,33,0,19.0,2017,3,Mar,1,2,2017-03,3,Wednesday,2
ed01ce003df13cab401ba2ff57ea2542,fd24f53c8ce3ad467b44627306e0db30,delivered,2017-11-06 18:20:00,2017-11-07 03:31:21,2017-11-10 14:06:42,2017-11-14 18:05:15,2017-11-17,1,1cf0c9095608952cb1c65c4789946375,b2ba3715d723d245138f291a6fe42594,2017-11-10 18:31:22,59.9,9.34,a6e10bbbfb7af7122f5feb0f19268baa,SP,votorantim,electronics,275.0,28.0,9.0,22.0,3470,sao paulo,SP,138.48,8.0,credit_card,4.0,59.9,69.24,7.0,10,0,3.0,2017,11,Nov,4,0,2017-11,11,Monday,0
ed01ce003df13cab401ba2ff57ea2542,fd24f53c8ce3ad467b44627306e0db30,delivered,2017-11-06 18:20:00,2017-11-07 03:31:21,2017-11-10 14:06:42,2017-11-14 18:05:15,2017-11-17,2,1cf0c9095608952cb1c65c4789946375,b2ba3715d723d245138f291a6fe42594,2017-11-10 18:31:22,59.9,9.34,a6e10bbbfb7af7122f5feb0f19268baa,SP,votorantim,electronics,275.0,28.0,9.0,22.0,3470,sao paulo,SP,138.48,8.0,credit_card,4.0,59.9,69.24,7.0,10,0,3.0,2017,11,Nov,4,0,2017-11,11,Monday,0
b7a4a9ecb1cd3ef6a3e36a48e200e3be,c3d8fc500d86b1c961ee144395c13a57,delivered,2017-05-19 18:13:54,2017-05-20 11:35:41,2017-05-30 12:43:50,2017-06-08 07:53:42,2017-06-16,1,41171e11f920c47deb1809edda2bf09d,c42fd8e4d47dfb18ce5222f2dd7752f9,2017-05-30 11:35:41,26.0,15.1,367f4686d7112d69feed92b02a1775ed,SC,lages,furniture_decor,200.0,16.0,16.0,16.0,6246,osasco,SP,41.1,4.0,credit_card,,26.0,41.1,19.0,27,0,8.0,2017,5,May,2,4,2017-05,5,Friday,4
f09942b1e1419e69f7509158f2a9c1d6,b40a130a36dc28cdbdabe856f1eee283,delivered,2017-12-16 13:51:18,2017-12-16 13:58:23,2017-12-19 21:04:31,2017-12-23 16:21:44,2018-01-05,1,14dffa241a078aeaebaef48a49e807ca,fa40cc5b934574b62717c68f3d678b6d,2017-12-21 13:58:23,64.9,7.78,e3989ce8a4e6df11d6e653380b318640,SP,santos,baby,250.0,16.0,7.0,11.0,2310,sao paulo,SP,72.68,7.0,credit_card,5.0,64.9,72.68,7.0,19,0,12.0,2017,12,Dec,4,5,2017-12,12,Saturday,5
d10090be5f75fb89b6817469f0ce1a30,321d2bc7c3bcd8475d52d2cf4a179c37,delivered,2018-04-18 13:13:47,2018-04-18 13:31:41,2018-04-19 00:51:53,2018-04-23 14:44:35,2018-06-04,1,de15917c5525c593f2a9747a5c943ee7,3092c0b297aacfb4bb6e056ebe13b9b8,2018-05-10 13:31:35,16.9,15.23,b1d54204de1d43a54e30c7274281504c,RJ,queimados,pet_shop,150.0,25.0,25.0,25.0,7402,aruja,SP,32.13,2.0,credit_card,5.0,16.9,32.129999999999995,5.0,46,0,41.0,2018,4,Apr,2,2,2018-04,4,Wednesday,2
5342acb7b183acec77f59e4d78f7c804,4d493a5e3a53373d3bc26a01575a71dc,delivered,2018-03-29 20:53:48,2018-03-31 10:07:45,2018-04-04 17:44:32,2018-04-24 16:10:44,2018-04-24,1,0da9ffd92214425d880de3f94e74ce39,001cca7ae9ae17fb1caed9dfb1094831,2018-04-05 10:07:45,112.0,38.21,9b390e923bbf7e3edc2bcb93d8707355,BA,simoes filho,construction_tools_construction,10900.0,39.0,12.0,42.0,29156,cariacica,ES,150.21,1.0,credit_card,3.0,112.0,150.21,25.0,25,1,0.0,2018,3,Mar,1,3,2018-03,3,Thursday,3
72ee4a26e767e55282ac10e63c7b1227,ab4e4f11610404b4184fb812e47bb0ed,delivered,2018-06-23 19:24:21,2018-06-23 19:39:10,2018-06-25 13:48:00,2018-07-09 18:21:32,2018-07-24,1,9ccf11289147e5277b022439b4ea1f20,955fee9216a65b617aa5c0531780ce60,2018-06-26 19:31:39,60.0,52.77,0bd4d2600b49eb951489ebc82723a4e6,MA,acailandia,auto,600.0,20.0,20.0,20.0,4782,sao paulo,SP,112.77,2.0,credit_card,5.0,60.0,112.77,15.0,30,0,15.0,2018,6,Jun,2,5,2018-06,6,Saturday,5
6cd474b81add3c3d62536cab3e34aa23,796e0c6b3690401bd5592b7ce89be9f2,delivered,2018-08-06 09:12:33,2018-08-06 09:44:23,2018-08-13 15:33:00,2018-08-14 18:11:36,2018-08-22,1,f4d2144023a238288d36db2840a37ea0,612170e34b97004b3ba37eae81836b4c,2018-08-15 09:24:32,170.0,10.32,8e189d068ef04b5a5100820fcf317000,RS,novo hamburgo,computers_accessories,486.0,27.0,17.0,28.0,93542,novo hamburgo,RS,180.32,2.0,credit_card,5.0,170.0,180.32,8.0,15,0,7.0,2018,8,Aug,3,0,2018-08,8,Monday,0
4f7e398a1ddb1c349465b42b6865c60b,364fbe9334877bc7ca3da92913b2cdbf,delivered,2017-06-02 14:00:19,2017-06-02 14:42:50,2017-06-07 12:37:32,2017-06-12 17:38:13,2017-07-05,1,63d117fa87d2dff89156e2c9d885dba7,75d34ebb1bd0bd7dde40dd507b8169c3,2017-06-08 14:42:50,149.99,21.85,99295d295510266e4145b6c536cac816,SP,embu das artes,telephony,500.0,23.0,7.0,15.0,41820,salvador,BA,171.84,4.0,credit_card,1.0,149.99,171.84,10.0,32,0,22.0,2017,6,Jun,2,4,2017-06,6,Friday,4
05387d537bd2e5027aadbfb6a5123e4b,1fc77bb785f297743a18fac02b30de62,delivered,2017-11-06 16:24:03,2017-11-06 23:31:52,2017-11-08 17:55:40,2017-11-20 18:36:52,2017-11-29,1,386703f26f328414fe118e10a5d92675,ea8482cd71df3c1969d7b9473ff13abc,2017-11-10 16:47:31,27.99,15.79,766c363986fc269b65ca0bd173b39691,BA,salvador,telephony,300.0,17.0,4.0,12.0,4160,sao paulo,SP,43.78,1.0,credit_card,3.0,27.99,43.78,14.0,22,0,8.0,2017,11,Nov,4,0,2017-11,11,Monday,0
59b32faedc12322c672e95ec3716d614,5baa82a2c45fa3220cb57d9881db3211,delivered,2018-06-27 11:10:11,2018-06-28 02:15:51,2018-06-28 14:57:00,2018-07-06 16:37:36,2018-07-26,1,040f34fe061b6024771f641fe922e782,850f4f8af5ea87287ac68de36e29107f,2018-07-02 02:15:51,69.0,18.58,c56d066e503008b8d0bf4204857c588d,RS,santa maria,watches_gifts,750.0,18.0,10.0,15.0,4367,sao paulo,SP,87.58,1.0,boleto,,69.0,87.58,9.0,28,0,19.0,2018,6,Jun,2,2,2018-06,6,Wednesday,2
c158e9806f85a33877bdfd4f607b72e7,25456ee3b0cf84658015e46686025224,delivered,2017-04-14 22:06:32,2017-04-14 22:15:13,2017-04-17 14:52:32,2017-05-08 11:10:26,2017-05-18,1,c388aa3cdd554588ebcc869156381ba3,9bcdfa7b615b3abb9461d9e3ad9886ae,2017-04-19 22:15:13,79.9,21.01,a577a79cf9dde79841a2b42bc7d0e6c3,GO,goiania,sports_leisure,300.0,35.0,4.0,25.0,89053,blumenau,SC,100.91,3.0,credit_card,4.0,79.9,100.91,23.0,33,0,10.0,2017,4,Apr,2,4,2017-04,4,Friday,4
19721d59a9764437477eff0730b48665,b1757da2a461d581e1a3b280ca181b7c,delivered,2018-03-26 11:02:31,2018-03-26 11:15:38,2018-03-26 22:58:37,2018-04-09 21:53:23,2018-04-27,1,fd25ab760bfbba13c198fa3b4f1a0cd3,6d803cb79cc31c41c4c789a75933b3c7,2018-04-02 11:15:38,185.0,20.26,059ba8400bf965adf606ecc7ef3396e9,RS,taquari,sports_leisure,1300.0,30.0,30.0,35.0,14600,sao joaquim da barra,SP,205.26,3.0,credit_card,5.0,185.0,205.26,14.0,31,0,17.0,2018,3,Mar,1,0,2018-03,3,Monday,0
08652363092b158440e2422e7c3ccaf4,03b3813a78be4cf5205e70977ad78d29,delivered,2017-12-04 18:26:12,2017-12-04 19:04:48,2017-12-11 19:48:52,2017-12-19 01:15:07,2018-01-04,1,251876e7ba013b87b7262fb2524e2d60,7aa4334be125fcdd2ba64b3180029f14,2017-12-08 19:04:48,64.89,17.7,8941047a0d54f59366a66ba79806ae9b,PR,rolandia,baby,1720.0,33.0,36.0,27.0,18500,laranjal paulista,SP,82.59,1.0,credit_card,5.0,64.89,82.59,14.0,30,0,16.0,2017,12,Dec,4,0,2017-12,12,Monday,0
e92f3505810692cd4a0350b19e2d9045,24c63a7108d652ad0ed85589c4575297,delivered,2018-06-13 22:54:20,2018-06-13 23:18:38,2018-06-14 13:47:00,2018-06-22 17:46:42,2018-07-11,1,65fd9b358b7ee029fba34839e9c35fdf,9f505651f4a6abe901a56cdc21508025,2018-06-17 23:18:38,29.99,22.93,a65b62328b640dec0c6054199018fe2b,SE,aracaju,computers_accessories,350.0,28.0,10.0,37.0,4102,sao paulo,SP,52.92,2.0,credit_card,5.0,29.99,52.92,8.0,27,0,19.0,2018,6,Jun,2,2,2018-06,6,Wednesday,2
38c1e3d4ed6a13cd0cf612d4c09766e9,18c934f4cdc994cd04eb13bce3f47a18,delivered,2018-02-02 15:26:38,2018-02-02 16:00:16,2018-02-03 01:18:26,2018-02-03 15:05:56,2018-02-20,1,73c92dd0decac87c55334f6ae653ad36,080199a181c46c657dc5aa235411be3b,2018-02-08 16:00:16,179.49,9.45,9aa5b032a9157594cda43b16a832f738,SP,sao paulo,auto,550.0,16.0,21.0,18.0,6097,osasco,SP,188.94,2.0,credit_card,5.0,179.49,188.94,0.0,17,0,17.0,2018,2,Feb,1,4,2018-02,2,Friday,4
5a63a60ea2852393994270157cd61e0a,e615ca09613c8f72bf3a0bd5e2d349fb,delivered,2017-08-10 19:47:29,2017-08-12 02:45:50,2017-08-14 20:53:50,2017-08-21 21:00:03,2017-09-01,1,d7d5562fce331ad958ca6f57057b3526,7a67c85e85bb2ce8582c35f2203ad736,2017-08-17 02:45:50,59.99,17.67,1d15f7e108877a5588200e84345a9a68,MG,guanhaes,cool_stuff,700.0,42.0,25.0,15.0,3426,sao paulo,SP,77.66,1.0,boleto,5.0,59.99,77.66,11.0,21,0,10.0,2017,8,Aug,3,3,2017-08,8,Thursday,3
409e4a6eadbdc33f16ccf0bda01eec1f,0e8ada3654b94e0d569b44233db3c9dc,delivered,2017-09-05 18:24:22,2017-09-07 02:44:03,2017-09-11 22:07:42,2017-09-17 15:31:51,2017-09-25,1,17704da54fb7512da5a72cc3b227185e,a416b6a846a11724393025641d4edd5e,2017-09-13 02:44:03,179.9,16.02,430205ab3bd4700f1934a49b0f6c610e,DF,brasilia,health_beauty,700.0,33.0,18.0,18.0,3702,sao paulo,SP,195.92,1.0,boleto,5.0,179.9,195.92,11.0,19,0,8.0,2017,9,Sep,3,1,2017-09,9,Tuesday,1
4fc42727f0b542099a7568206da01fa6,fc6788a31c7a99fec01c62063032bc12,delivered,2017-12-07 20:38:37,2017-12-07 20:51:19,2017-12-11 18:15:09,2017-12-14 19:42:26,2018-01-05,1,4c2394abfbac7ff59ec7a420918562fa,cc419e0650a3c5ba77189a1882b7556a,2017-12-14 20:51:19,84.99,15.35,720d85b7b02bc0505d82fcd0e6010490,MG,ribeirao das neves,health_beauty,600.0,33.0,19.0,13.0,9015,santo andre,SP,100.34,5.0,credit_card,5.0,84.99,100.34,6.0,28,0,22.0,2017,12,Dec,4,3,2017-12,12,Thursday,3
b0ff8ff92f8d916fa2e8005cd8e1a135,610a4163b8ab832daf93b4fbb48e9119,delivered,2017-11-19 16:12:34,2017-11-22 02:58:38,2017-11-22 14:47:28,2017-11-24 20:32:37,2017-12-07,1,b6e352d888ba31d8999af279cd63aa24,f61c63d13f7cd800549d5acdd390ae72,2017-11-28 02:58:38,59.9,13.44,95cfb39a7e263160308a934e42cfc4e0,SP,suzano,housewares,1225.0,27.0,26.0,26.0,18185,pilar do sul,SP,73.34,1.0,boleto,4.0,59.9,73.34,5.0,17,0,12.0,2017,11,Nov,4,6,2017-11,11,Sunday,6
bb27f9e70d5cdc66d0c616aee3dbb387,225743267e630cdf226d130d80c4aa5e,delivered,2017-12-08 23:41:49,2017-12-09 01:30:50,2017-12-19 14:14:30,2017-12-26 23:15:01,2018-01-12,1,e090b9bd2ef7d60d3b0ee3399c79ee3d,1c68394e931a64f90ea236c5ea590300,2017-12-21 00:52:19,235.92,13.78,a39fd8580a18106b255d59465955e149,SP,sao paulo,computers_accessories,1217.0,27.0,22.0,25.0,87114,sarandi,PR,499.4,1.0,debit_card,5.0,235.92,249.7,17.0,34,0,17.0,2017,12,Dec,4,4,2017-12,12,Friday,4
bb27f9e70d5cdc66d0c616aee3dbb387,225743267e630cdf226d130d80c4aa5e,delivered,2017-12-08 23:41:49,2017-12-09 01:30:50,2017-12-19 14:14:30,2017-12-26 23:15:01,2018-01-12,2,e090b9bd2ef7d60d3b0ee3399c79ee3d,1c68394e931a64f90ea236c5ea590300,2017-12-21 00:52:19,235.92,13.78,a39fd8580a18106b255d59465955e149,SP,sao paulo,computers_accessories,1217.0,27.0,22.0,25.0,87114,sarandi,PR,499.4,1.0,debit_card,5.0,235.92,249.7,17.0,34,0,17.0,2017,12,Dec,4,4,2017-12,12,Friday,4
b60b53ad0bb7dacacf2989fe27ad567a,2f9902d85fcd930227f711cf47012bdf,delivered,2017-05-10 14:03:27,2017-05-10 14:15:14,2017-05-11 16:25:53,2017-05-23 13:12:27,2017-05-18,1,2b80e83f77008f81ae402882631eba97,aba1721a889e04decc910aa13b768ef4,2017-05-16 14:15:14,292.0,9.3,9676b88a7dd5de3db5ded00d7d36f1b0,SP,sao paulo,stationery,350.0,24.0,7.0,14.0,5729,sao paulo,SP,301.3,1.0,credit_card,3.0,292.0,301.3,12.0,7,1,-5.0,2017,5,May,2,2,2017-05,5,Wednesday,2
db0d194c127a36909de3bda3edad30bc,33bfc91146c9eea42397a0430585ee59,delivered,2017-11-30 13:34:43,2017-11-30 13:56:28,2017-12-01 21:09:12,2017-12-10 17:53:31,2017-12-22,1,2b0ee2d07306f7c9ac55a43166e9bb4b,1900267e848ceeba8fa32d80c1a5f5a8,2017-12-06 13:56:28,59.99,12.76,8a024c6ea16ad84e67bdc2bf5bd625c2,SP,sao paulo,bed_bath_table,1450.0,30.0,15.0,30.0,14940,ibitinga,SP,145.5,5.0,credit_card,1.0,59.99,72.75,10.0,21,0,11.0,2017,11,Nov,4,3,2017-11,11,Thursday,3
db0d194c127a36909de3bda3edad30bc,33bfc91146c9eea42397a0430585ee59,delivered,2017-11-30 13:34:43,2017-11-30 13:56:28,2017-12-01 21:09:12,2017-12-10 17:53:31,2017-12-22,2,2b0ee2d07306f7c9ac55a43166e9bb4b,1900267e848ceeba8fa32d80c1a5f5a8,2017-12-06 13:56:28,59.99,12.76,8a024c6ea16ad84e67bdc2bf5bd625c2,SP,sao paulo,bed_bath_table,1450.0,30.0,15.0,30.0,14940,ibitinga,SP,145.5,5.0,credit_card,1.0,59.99,72.75,10.0,21,0,11.0,2017,11,Nov,4,3,2017-11,11,Thursday,3
884b1394fc8888e6a877df86eb19e74c,7ee968b8ed74301e0cbd3e44416cad9d,delivered,2018-03-19 21:50:14,2018-03-19 22:08:28,2018-03-27 14:04:29,2018-03-29 17:32:05,2018-03-29,1,437c05a395e9e47f9762e677a7068ce7,f84fa566034f5e8e880a07ec624c56af,2018-03-25 22:08:28,47.65,7.39,a0f1a379d9aa6e79e14fc5ee5fcac940,SP,carapicuiba,health_beauty,1110.0,19.0,11.0,18.0,13330,indaiatuba,SP,55.04,2.0,credit_card,5.0,47.65,55.04,9.0,9,1,0.0,2018,3,Mar,1,0,2018-03,3,Monday,0
ac7a92560a9e99f0a0ab4988102f491b,6abf781c5304890987047e9aa239caa8,delivered,2018-03-04 15:58:09,2018-03-04 16:10:35,2018-03-06 17:14:59,2018-03-22 23:44:33,2018-03-23,1,4ab7490d3e55de79cae5fc88e1657276,b2479f944e1b90cf8a5de1bbfde284d6,2018-03-08 16:10:35,89.99,17.88,a176838867d89ed62981cdf02b7ca3e1,PR,londrina,bed_bath_table,1200.0,36.0,8.0,26.0,14940,ibitinga,SP,107.87,6.0,credit_card,1.0,89.99,107.87,18.0,18,0,0.0,2018,3,Mar,1,6,2018-03,3,Sunday,6
197edbaa61a8a349f382553fd2180ee1,42bb82a17b70bebcc6090d38d894ea3f,delivered,2018-07-02 13:58:59,2018-07-02 14:10:56,2018-07-09 13:22:00,2018-07-11 14:18:51,2018-07-23,1,22a8168cf1f1c6347da8d29863b7f75e,612170e34b97004b3ba37eae81836b4c,2018-07-11 14:10:56,296.5,9.66,0f524b9f56efaf32d066ef999d95840e,RS,novo hamburgo,consoles_games,155.0,16.0,7.0,14.0,93542,novo hamburgo,RS,306.16,4.0,credit_card,4.0,296.5,306.16,9.0,20,0,11.0,2018,7,Jul,3,0,2018-07,7,Monday,0
da8be3bb62e9bf01e2e1a3bfd74ebd1a,3f083b9f62e687be8d84684c7d54c8db,delivered,2017-04-06 13:44:08,2017-04-06 13:55:17,2017-04-08 01:37:04,2017-05-08 10:52:06,2017-05-04,1,cea7edf64d9e93fbf6b89cc3ba537cd9,a4b6b9b992b46e9ef863637af96e04bc,2017-04-12 13:55:17,2690.0,61.24,1e7097be947ad5d0f7819bdc9d8d7d0e,RJ,sao goncalo,garden_tools,25000.0,40.0,40.0,40.0,88090,florianopolis,SC,2751.24,10.0,credit_card,1.0,2690.0,2751.24,31.0,27,1,-4.0,2017,4,Apr,2,3,2017-04,4,Thursday,3
dcbd516c0f39081a5e542ef76bbc3fe4,75932cfd72b87bd6079cf17786726807,delivered,2018-08-12 12:04:03,2018-08-12 12:24:22,2018-08-14 15:54:00,2018-08-22 17:09:01,2018-08-30,1,53759a2ecddad2bb87a079a1f1519f73,1f50f920176fa81dab994f9023523100,2018-08-14 12:24:22,49.9,41.33,5c00e849b56a56ea31560d5d66f933e9,RJ,rio de janeiro,garden_tools,1500.0,30.0,22.0,30.0,15025,sao jose do rio preto,SP,91.23,9.0,credit_card,5.0,49.9,91.23,10.0,17,0,7.0,2018,8,Aug,3,6,2018-08,8,Sunday,6
c2215076050fa358934105b15c34cf3b,19e7a88b34ef70d108e660c6eb33e82a,delivered,2017-07-16 10:04:36,2017-07-16 10:15:15,2017-07-20 17:42:22,2017-07-26 20:32:17,2017-08-04,1,99a4788cb24856965c36a24e339b6058,4a3ca9315b744ce9f8e9374361493884,2017-07-20 10:15:15,89.9,12.13,f329e0e1d8897ffa466a836ed216a23b,SP,sao paulo,bed_bath_table,1383.0,50.0,10.0,40.0,14940,ibitinga,SP,102.03,2.0,credit_card,,89.9,102.03,10.0,18,0,8.0,2017,7,Jul,3,6,2017-07,7,Sunday,6
8bbbef97d763f4dcf2e12cc5b5e0cee6,61ce7eba15a872699599957e5d18f0e8,delivered,2018-07-28 20:07:49,2018-07-30 18:31:17,2018-07-31 14:51:00,2018-08-07 14:17:49,2018-08-16,1,e671b914e8cc916b75cecb4034143e31,acce39e832338debb07b02385cde5967,2018-08-03 16:15:22,106.9,47.8,5936fabf5dfeaa6c31d9f649b5794e2c,PR,paranagua,luggage_accessories,1350.0,32.0,52.0,19.0,32110,contagem,MG,154.7,3.0,credit_card,5.0,106.9,154.7,9.0,18,0,9.0,2018,7,Jul,3,5,2018-07,7,Saturday,5
6de3383be650cfe96aed26171ad65c47,cae5d18352d2eb7396bd594c706f3624,delivered,2017-10-18 16:44:45,2017-10-18 16:56:50,2017-10-19 22:14:05,2017-10-27 20:48:58,2017-11-06,1,9d8a0e115e802d845b4ce1eb794d1260,d05ae8f7a5bd1d2a690a44cd079e4e27,2017-10-24 16:56:50,120.0,7.94,b8baa482e2e3b439ab972fba47c9be48,SP,taubate,sports_leisure,150.0,20.0,10.0,15.0,22775,rio de janeiro,RJ,355.77,5.0,credit_card,1.0,120.0,127.94,9.0,18,0,9.0,2017,10,Oct,4,2,2017-10,10,Wednesday,2
6de3383be650cfe96aed26171ad65c47,cae5d18352d2eb7396bd594c706f3624,delivered,2017-10-18 16:44:45,2017-10-18 16:56:50,2017-10-19 22:14:05,2017-10-27 20:48:58,2017-11-06,2,7666acd3cb60e97bf02449e36be0c02a,d05ae8f7a5bd1d2a690a44cd079e4e27,2017-10-24 16:56:50,204.0,23.83,b8baa482e2e3b439ab972fba47c9be48,SP,taubate,sports_leisure,200.0,20.0,10.0,15.0,22775,rio de janeiro,RJ,355.77,5.0,credit_card,1.0,204.0,227.83,9.0,18,0,9.0,2017,10,Oct,4,2,2017-10,10,Wednesday,2
b8c38cf37cd17fd645f2e84101c8a679,940526d0df4938d234d0a900268106c4,delivered,2017-08-28 22:47:13,2017-08-28 22:55:20,2017-09-01 19:58:00,2017-09-06 20:56:55,2017-09-18,1,3487b8d662448326a09da14416640170,d20b021d3efdf267a402c402a48ea64b,2017-09-03 22:55:20,29.9,16.11,a0c241dec798f1624d120b0be72d7377,MG,itauna,furniture_decor,400.0,80.0,10.0,60.0,14940,ibitinga,SP,138.03,2.0,credit_card,4.0,29.9,46.01,8.0,20,0,12.0,2017,8,Aug,3,0,2017-08,8,Monday,0
b8c38cf37cd17fd645f2e84101c8a679,940526d0df4938d234d0a900268106c4,delivered,2017-08-28 22:47:13,2017-08-28 22:55:20,2017-09-01 19:58:00,2017-09-06 20:56:55,2017-09-18,2,ba37ce1b5e0638cf45fd59f63ada0093,d20b021d3efdf267a402c402a48ea64b,2017-09-03 22:55:20,29.9,16.11,a0c241dec798f1624d120b0be72d7377,MG,itauna,furniture_decor,400.0,80.0,10.0,60.0,14940,ibitinga,SP,138.03,2.0,credit_card,4.0,29.9,46.01,8.0,20,0,12.0,2017,8,Aug,3,0,2017-08,8,Monday,0
b8c38cf37cd17fd645f2e84101c8a679,940526d0df4938d234d0a900268106c4,delivered,2017-08-28 22:47:13,2017-08-28 22:55:20,2017-09-01 19:58:00,2017-09-06 20:56:55,2017-09-18,3,c22dc992a198753e51e4a25f83957b9b,d20b021d3efdf267a402c402a48ea64b,2017-09-03 22:55:20,29.9,16.11,a0c241dec798f1624d120b0be72d7377,MG,itauna,furniture_decor,300.0,80.0,10.0,60.0,14940,ibitinga,SP,138.03,2.0,credit_card,4.0,29.9,46.01,8.0,20,0,12.0,2017,8,Aug,3,0,2017-08,8,Monday,0
21f4a37ec131158f1615d0f186f190af,84b100e334843870e95ff29421ab66bd,delivered,2017-12-21 20:11:07,2017-12-21 20:30:28,2017-12-26 21:09:19,2018-01-10 14:26:57,2018-01-17,1,78119fbfa709d07b86f5ccf15043c6d6,b33e7c55446eabf8fe1a42d037ac7d6d,2017-12-28 20:30:28,199.98,12.9,e58a978fc59d070baefbaea0292456eb,SP,jacarei,cool_stuff,586.0,18.0,11.0,13.0,14850,pradopolis,SP,212.88,8.0,credit_card,1.0,199.98,212.88,19.0,26,0,7.0,2017,12,Dec,4,3,2017-12,12,Thursday,3
c186ebe3937470a2f562a2dc0bc74dd7,20b5aae6a3e31111009f9a7ecc31a232,delivered,2017-11-27 13:33:35,2017-11-29 13:37:08,2017-12-01 19:32:51,2017-12-04 20:33:19,2017-12-14,1,2028bf1b01cafb2d2b1901fca4083222,cc419e0650a3c5ba77189a1882b7556a,2017-12-08 13:30:45,56.99,8.72,e63d1b81ea1a2cc0a9468c06a4305e09,SP,santos,perfumery,250.0,20.0,8.0,21.0,9015,santo andre,SP,65.71,2.0,credit_card,5.0,56.99,65.71000000000001,7.0,16,0,9.0,2017,11,Nov,4,0,2017-11,11,Monday,0
56a4ac10a4a8f2ba7693523bb439eede,78438ba6ace7d2cb023dbbc81b083562,delivered,2018-07-22 13:04:47,2018-07-27 23:31:09,2018-07-24 14:03:00,2018-07-28 00:05:39,2018-08-06,1,ab1f9387c0627dd24000bfbc54fdeee0,8b321bb669392f5163d04c59e235e066,2018-07-26 04:10:15,19.9,12.8,d9e85480c2442fce7b1c6e09db3b0492,SP,ubatuba,electronics,175.0,22.0,11.0,16.0,1212,sao paulo,SP,32.7,1.0,boleto,5.0,19.9,32.7,5.0,14,0,9.0,2018,7,Jul,3,6,2018-07,7,Sunday,6
d62387acb3914789e712406e9882e549,ad4da04c9e20699c6ad1843af39846d2,delivered,2018-05-08 19:48:01,2018-05-08 20:32:08,2018-05-10 18:29:00,2018-05-14 19:05:08,2018-06-12,1,53b36df67ebb7c41585e8d54d6772e08,7d13fca15225358621be4086e1eb0964,2018-05-14 20:30:21,99.9,0.0,1f7d9afd77ceacfa0b5b461a50818806,RJ,rio de janeiro,watches_gifts,584.0,16.0,11.0,13.0,14050,ribeirao preto,SP,99.9,3.0,credit_card,4.0,99.9,99.9,5.0,34,0,29.0,2018,5,May,2,1,2018-05,5,Tuesday,1
e659b8223be6f632acb24fb80cf50ca9,9ac71dee8847ffe35fb2c087da733cc4,delivered,2017-11-18 11:30:58,2017-11-18 11:47:19,2017-11-20 14:59:10,2017-12-08 17:29:17,2017-12-18,1,d899e614656fe7bddd577dcfe583d19c,6a8b085f816a1f75f92dbac6eb545f8f,2017-11-23 11:47:19,61.5,25.71,178517ea7fc752dbcbfcad925153cf94,PE,caruaru,auto,100.0,24.0,2.0,17.0,14709,bebedouro,SP,87.21,4.0,credit_card,5.0,61.5,87.21000000000001,20.0,29,0,9.0,2017,11,Nov,4,5,2017-11,11,Saturday,5
b693d6c35867fa1937455e04f2547df2,eec909ab0da04f0d3e92f898c6994d37,delivered,2017-05-11 09:13:17,2017-05-11 09:25:21,2017-05-11 10:09:25,2017-05-16 09:42:08,2017-05-31,1,d3a45de279a0bde9b598a181bd2a9815,0432ead42b6c8a0bdf68154add917fdf,2017-05-17 09:25:21,94.9,14.41,00dd4390a8e8ad7a126e8331decc49ce,RJ,rio de janeiro,toys,500.0,17.0,10.0,12.0,9320,maua,SP,109.31,5.0,credit_card,5.0,94.9,109.31,5.0,19,0,14.0,2017,5,May,2,3,2017-05,5,Thursday,3
0f9dc92df0635605588c51ec2e4c58a0,4f31c34bf33334525417bab91b4794da,delivered,2017-12-27 19:19:44,2017-12-27 19:29:30,2018-01-03 20:10:20,2018-01-10 18:10:04,2018-01-26,1,e1e932dfb67414e80b87ad97688cf2a3,fde0cc9ea29c8ccfc0a2c22256a58c71,2018-01-03 19:29:30,99.0,34.35,e8e2449fa453dd320f605734798bb093,BA,salvador,toys,3850.0,52.0,7.0,55.0,81650,curitiba,PR,133.35,4.0,credit_card,5.0,99.0,133.35,13.0,29,0,16.0,2017,12,Dec,4,2,2017-12,12,Wednesday,2
8efc076145638bcd5298053ddde6ff0c,faa299ecd22a2998858efc7cb87011bc,delivered,2018-01-09 11:19:49,2018-01-09 11:29:43,2018-01-10 18:19:02,2018-01-11 13:51:51,2018-01-23,1,178c8458c4907a2680456130f76e10e0,e5a3438891c0bfdb9394643f95273d8e,2018-01-15 11:29:43,41.3,8.11,cad2c7327ff2add52d6f2579e541ccc7,SP,sao paulo,fashion_bags_accessories,300.0,16.0,2.0,11.0,13483,limeira,SP,49.41,1.0,credit_card,5.0,41.3,49.41,2.0,13,0,11.0,2018,1,Jan,1,1,2018-01,1,Tuesday,1
35b7d83c8629ba8d0f718d9d293cf436,61544bf6d5b15f5dcec75603b22fcda8,delivered,2018-06-23 18:07:30,2018-06-23 18:35:22,2018-06-25 11:40:00,2018-06-28 18:22:32,2018-07-25,1,a60613d36f37a7b27d3344f40f6a7945,ad420dd0c4f92f8af951ac24b86d0cf5,2018-06-27 18:30:32,160.0,19.22,bf087cbc0138d7066e1c41d1a97973dd,RJ,mesquita,health_beauty,350.0,19.0,11.0,23.0,38230,fronteira,MG,179.22,8.0,credit_card,3.0,160.0,179.22,5.0,31,0,26.0,2018,6,Jun,2,5,2018-06,6,Saturday,5
418764469a9e73f76f56783c1863bd05,b3c3c1b58dad3d55671825fe3715321c,delivered,2018-07-03 19:34:23,2018-07-05 16:40:52,2018-07-06 10:18:00,2018-07-11 15:08:35,2018-07-30,1,f7c98cd8b2d4d3b9a2d1322721e60a5a,e94b64dc6979b302a5a5be1662c83bb6,2018-07-09 20:32:05,124.17,17.8,40d306efe27702bd8ecabd6c35f32ddb,BA,salvador,construction_tools_lights,3200.0,18.0,23.0,25.0,6852,itapecerica da serra,SP,141.97,1.0,credit_card,5.0,124.17,141.97,7.0,26,0,19.0,2018,7,Jul,3,1,2018-07,7,Tuesday,1
45ed6e85398a87c253db47c2d9f48216,8eab8f9b3c744b76b65f7a2c0c8f2d6c,delivered,2017-06-08 21:18:45,2017-06-08 21:30:18,2017-06-09 08:35:18,2017-06-22 17:44:53,2017-07-10,1,75d6b6963340c6063f7f4cfcccfe6a30,cc419e0650a3c5ba77189a1882b7556a,2017-06-15 21:30:18,56.99,14.15,e4000306cf2f63714e6bb70dd20a6592,GO,goiania,perfumery,400.0,18.0,11.0,20.0,9015,santo andre,SP,71.14,1.0,voucher,1.0,56.99,71.14,13.0,31,0,18.0,2017,6,Jun,2,3,2017-06,6,Thursday,3
0bc4a984d79279c843421830f595273c,e93fa47188d998ecd355fdb87a5e62e3,delivered,2017-10-17 18:22:05,2017-10-17 18:35:10,2017-10-18 21:12:08,2017-10-25 17:07:07,2017-11-03,1,21a53da27d4b830f32f475a09f0bd54a,4a3ca9315b744ce9f8e9374361493884,2017-10-23 18:35:10,72.0,13.52,69fbe1ef33ee18593788e655e348b954,SP,itu,bed_bath_table,1500.0,45.0,15.0,35.0,14940,ibitinga,SP,85.52,7.0,credit_card,5.0,72.0,85.52,7.0,16,0,9.0,2017,10,Oct,4,1,2017-10,10,Tuesday,1
bb3b61a129aba9eeb10bb81a4770f3b1,e986427e3d822269e0b7e998d86cf267,delivered,2017-09-08 13:37:07,2017-09-08 13:50:16,2017-09-08 19:52:05,2017-09-15 22:36:27,2017-10-02,1,7814c273ab16783d73a9863ebfa8b141,1025f0e2d44d7041d6cf58b6550e0bfa,2017-09-19 13:50:16,229.0,43.8,0eab82e58c1b71bfb9f2c7dd966e8cff,PR,curitiba,furniture_decor,12250.0,45.0,35.0,45.0,3204,sao paulo,SP,272.8,5.0,credit_card,5.0,229.0,272.8,7.0,23,0,16.0,2017,9,Sep,3,4,2017-09,9,Friday,4
7876404b81dcee26d47be1c7131b16ec,e20b5cad78dd8fc3006244b5397d5a0f,delivered,2017-07-17 09:29:02,2017-07-17 09:43:06,2017-07-17 20:17:43,2017-07-21 17:15:29,2017-08-14,1,ea44caac707f7f1325182a538007f838,855668e0971d4dfd7bef1b6a4133b41b,2017-07-27 09:43:06,50.0,17.6,8ca577639091122b3c581bc89d11da3b,PR,cascavel,baby,6600.0,45.0,25.0,35.0,13257,itatiba,SP,67.6,5.0,credit_card,5.0,50.0,67.6,4.0,27,0,23.0,2017,7,Jul,3,0,2017-07,7,Monday,0
0ac645ddb846d1373321decb39c9956f,46d8521966b3f64cce626dfc6b655d1a,delivered,2018-05-07 20:57:42,2018-05-07 21:14:16,2018-05-08 14:12:00,2018-05-11 22:08:57,2018-05-29,1,1501b0033c68a37fa9560033a440e529,82cb9f452fe8334df74b22d37824b431,2018-05-13 21:14:16,49.1,18.23,969cdc8af5b07074766e79c1e6d76c24,SP,sao paulo,small_appliances,410.0,24.0,22.0,17.0,95013,caxias do sul,RS,134.66,1.0,credit_card,4.0,49.1,67.33,4.0,21,0,17.0,2018,5,May,2,0,2018-05,5,Monday,0
0ac645ddb846d1373321decb39c9956f,46d8521966b3f64cce626dfc6b655d1a,delivered,2018-05-07 20:57:42,2018-05-07 21:14:16,2018-05-08 14:12:00,2018-05-11 22:08:57,2018-05-29,2,1501b0033c68a37fa9560033a440e529,82cb9f452fe8334df74b22d37824b431,2018-05-13 21:14:16,49.1,18.23,969cdc8af5b07074766e79c1e6d76c24,SP,sao paulo,small_appliances,410.0,24.0,22.0,17.0,95013,caxias do sul,RS,134.66,1.0,credit_card,4.0,49.1,67.33,4.0,21,0,17.0,2018,5,May,2,0,2018-05,5,Monday,0
711f6009f8bf028b3fa426696b581432,5613454932b2c4229250680708f8c0b8,delivered,2018-08-01 16:54:38,2018-08-01 17:24:06,2018-08-06 08:27:00,2018-08-10 16:57:43,2018-08-23,1,c7fd13b5e515bffdab855d0812842edb,1025f0e2d44d7041d6cf58b6550e0bfa,2018-08-07 17:24:06,40.0,23.08,185dee501a0c28b9c799ff72a3e527c7,SC,cacador,furniture_decor,1350.0,30.0,20.0,20.0,3204,sao paulo,SP,63.08,3.0,credit_card,5.0,40.0,63.08,9.0,21,0,12.0,2018,8,Aug,3,2,2018-08,8,Wednesday,2
cf18c0b77059499a99818871229ab994,d21eee9c29efbbd504b464caab82b5f1,delivered,2018-08-21 10:19:27,2018-08-21 10:51:49,2018-08-22 13:30:00,2018-08-28 15:58:50,2018-09-18,1,79b45f6fe16c752af64c050de4566693,ae45df84722b1d15c5f32b23a095746c,2018-08-23 10:51:19,132.0,17.85,178abcae329614ef88c84a4f2d01b536,BA,salvador,health_beauty,150.0,16.0,2.0,11.0,3062,sao paulo,SP,149.85,6.0,credit_card,5.0,132.0,149.85,7.0,27,0,20.0,2018,8,Aug,3,1,2018-08,8,Tuesday,1
d977821da81b766c90bcd3351f0dbf19,5295c0f1f2053aa636bc034c2a85ab44,delivered,2018-05-04 21:40:39,2018-05-05 21:35:18,2018-05-08 15:15:00,2018-05-16 19:08:52,2018-05-24,1,1613b819ab5dae53aead2dbb4ebdb378,16090f2ca825584b5a147ab24aa30c86,2018-05-09 21:35:18,27.9,18.23,aa2511d870f9323a51307961b1030a5a,MG,belo horizonte,auto,50.0,17.0,10.0,15.0,12940,atibaia,SP,46.13,1.0,credit_card,4.0,27.9,46.13,11.0,19,0,8.0,2018,5,May,2,4,2018-05,5,Friday,4
5c1f2bd7eff419c165428371164d750c,ac4e328e156057d602bb4d7b146d5468,delivered,2018-03-08 15:59:11,2018-03-08 16:31:43,2018-03-13 01:21:57,2018-03-18 18:26:36,2018-03-20,1,3c3b94d8e966e0a258d6baaa41549199,b499c00f28f4b7069ff6550af8c1348a,2018-03-14 16:30:13,309.99,16.37,b7691a211ab550e0b5f3bf33ade5f5be,SP,guarulhos,housewares,8200.0,35.0,40.0,35.0,13481,limeira,SP,326.36,1.0,credit_card,5.0,309.99,326.36,10.0,11,0,1.0,2018,3,Mar,1,3,2018-03,3,Thursday,3
5a00ef28abf9645038a7d37c1639d2c2,60134a69479bd4d54c03fd5076bbe984,delivered,2018-06-11 13:00:02,2018-06-11 13:33:26,2018-06-15 16:40:00,2018-06-25 15:26:32,2018-07-13,1,69455f41626a745aea9ee9164cb9eafd,7d13fca15225358621be4086e1eb0964,2018-06-18 13:20:05,180.0,20.23,8232307186e5914a3bcf85d23e5f447a,RJ,rio bonito,watches_gifts,501.0,18.0,13.0,14.0,14050,ribeirao preto,SP,200.23,5.0,credit_card,4.0,180.0,200.23,14.0,31,0,17.0,2018,6,Jun,2,0,2018-06,6,Monday,0
5a0e5ad33542c79b10be87a344ee0086,917149651e472bef5b609eb58e742eb4,delivered,2017-06-13 11:13:38,2017-06-15 03:03:40,2017-06-16 15:37:52,2017-06-19 18:06:01,2017-07-04,1,622bad99b4296aade0783ebecdd3fa15,376a891762bbdecbc02b4b6adec3fdda,2017-06-21 03:03:40,73.9,12.77,572e9e13a44a5e4ac5c42e74b324244f,GO,catalao,sports_leisure,400.0,27.0,6.0,25.0,74323,goiania,GO,86.67,1.0,boleto,1.0,73.9,86.67,6.0,20,0,14.0,2017,6,Jun,2,1,2017-06,6,Tuesday,1
0d25f1b15acb59ceff22667265743132,52dee0d644b6d10016569eae238ebc67,delivered,2017-08-04 21:44:43,2017-08-04 22:04:53,2017-08-07 22:23:42,2017-08-17 18:23:07,2017-09-01,1,1b3c5b1455f3e42d831fb778055c9e45,17e34d8224d27a541263c4c64b11a56b,2017-08-09 22:04:53,355.9,18.25,79a4fa88711e09a102e206befef01bda,GO,goiania,consoles_games,900.0,20.0,20.0,16.0,14085,riberao preto,SP,374.15,10.0,credit_card,5.0,355.9,374.15,12.0,27,0,15.0,2017,8,Aug,3,4,2017-08,8,Friday,4
f0a82a328fd64b2796242bbfddb7e1d4,500f22fc596ab5a23d2e5ce64ee64859,delivered,2017-10-06 18:22:19,2017-10-06 18:35:26,2017-10-10 20:05:41,2017-10-30 20:54:05,2017-11-06,1,3b3c3503539e7f917eb57a8d4bfa69f0,bfd27a966d91cfaafdb25d076585f0da,2017-10-13 18:35:26,359.0,19.83,0680711d6e757ec7287a047650d3896b,MS,tres lagoas,cool_stuff,9350.0,50.0,28.0,40.0,13930,serra negra,SP,378.83,1.0,credit_card,5.0,359.0,378.83,24.0,30,0,6.0,2017,10,Oct,4,4,2017-10,10,Friday,4
bba5aa837be7e597e91c6ddedf604cd8,94e56a6d6f8b3e26ad64c605e67b48d2,delivered,2018-05-19 12:14:08,2018-05-19 12:31:36,2018-05-21 12:10:00,2018-06-01 19:41:03,2018-06-12,1,12e479f1c2c0417147a3e36302485e30,744dac408745240a2c2528fb1b6028f3,2018-05-22 12:30:53,119.0,15.71,db9525f2339f6bb22c0ff48a64b5ac8f,SP,sao paulo,watches_gifts,400.0,24.0,8.0,12.0,83408,colombo,PR,134.71,10.0,credit_card,5.0,119.0,134.71,13.0,23,0,10.0,2018,5,May,2,5,2018-05,5,Saturday,5
72144791fc7fd8048eafc90d7f82ba54,229c98245e2b6995b67be1e1921e62d1,delivered,2017-08-05 19:30:41,2017-08-05 20:05:53,2017-08-08 22:27:46,2017-08-16 17:04:55,2017-08-29,1,d2f5484cbffe4ca766301b21ab9246dd,36a968b544695394e4e9d7572688598f,2017-08-10 20:05:53,12.88,15.1,cab49f72708b32dab386b38320f5b31b,RJ,campos dos goytacazes,computers_accessories,180.0,16.0,9.0,16.0,11010,santos,SP,27.98,2.0,credit_card,5.0,12.88,27.98,10.0,23,0,13.0,2017,8,Aug,3,5,2017-08,8,Saturday,5
664c5e57eb8479a79caeb79fc79699ca,d1460df3c5915f60fcc35d265ac392ea,delivered,2017-10-31 09:59:07,2017-10-31 10:10:24,2017-11-03 18:07:40,2017-11-13 17:38:40,2017-11-14,1,6bd8c7dc9695bdc48adc5960f4fee0ff,b92e3c8f9738272ff7c59e111e108d7c,2017-11-07 10:10:24,49.9,14.08,7fe369a374dba4f97910c97f42cd6d6c,RJ,rio de janeiro,furniture_decor,2750.0,35.0,10.0,35.0,36502,uba,MG,63.98,1.0,credit_card,5.0,49.9,63.98,13.0,13,0,0.0,2017,10,Oct,4,1,2017-10,10,Tuesday,1
f97a6e53615dfc1488e4bcf3dfe1cb2f,f3223fd3b2517fa73ebb06dd5f1b0e99,delivered,2017-09-11 09:40:11,2017-09-12 04:30:15,2017-09-12 19:21:32,2017-09-19 19:54:09,2017-10-09,1,0900e9b18da6627157a7e47a8ac8fc08,6560211a19b47992c3666cc44a7e94c0,2017-09-18 04:30:15,29.0,15.1,2e15bb92fa33e06e35287ea4d1cafe05,RS,sao gabriel,watches_gifts,200.0,16.0,2.0,20.0,5849,sao paulo,SP,44.1,1.0,boleto,4.0,29.0,44.1,8.0,27,0,19.0,2017,9,Sep,3,0,2017-09,9,Monday,0
faa911f9ff46e53aedc9408c5d6a24ad,77dccd21b005b20fc1f1418c979ca354,delivered,2018-03-07 16:42:57,2018-03-07 17:20:24,2018-03-12 23:22:04,2018-03-18 17:17:03,2018-04-04,1,902a8b8bb0768e8562edc2d903337812,9bade61a92bed55a25d2b67b9f4ed739,2018-03-15 17:20:24,37.39,19.04,9fb86d78b0db13b64af3089329149fd5,DF,brasilia,baby,750.0,40.0,11.0,35.0,83005,sao jose dos pinhais,PR,112.86,2.0,credit_card,1.0,37.39,56.43,11.0,27,0,16.0,2018,3,Mar,1,2,2018-03,3,Wednesday,2
faa911f9ff46e53aedc9408c5d6a24ad,77dccd21b005b20fc1f1418c979ca354,delivered,2018-03-07 16:42:57,2018-03-07 17:20:24,2018-03-12 23:22:04,2018-03-18 17:17:03,2018-04-04,2,902a8b8bb0768e8562edc2d903337812,9bade61a92bed55a25d2b67b9f4ed739,2018-03-15 17:20:24,37.39,19.04,9fb86d78b0db13b64af3089329149fd5,DF,brasilia,baby,750.0,40.0,11.0,35.0,83005,sao jose dos pinhais,PR,112.86,2.0,credit_card,1.0,37.39,56.43,11.0,27,0,16.0,2018,3,Mar,1,2,2018-03,3,Wednesday,2
72344ea1113e3227494c465a64ae58aa,99907dc980230daa7bc0c7e6fb0b08fc,delivered,2018-01-13 15:43:58,2018-01-13 15:51:33,2018-01-15 23:04:22,2018-01-23 16:32:29,2018-02-08,1,4011494d902f1075a502ffe9432186b3,f5a590cf36251cf1162ea35bef76fe84,2018-01-18 15:51:33,49.0,15.79,50343a5529a9ab46eacfd1fdc387cf0a,BA,salvador,musical_instruments,650.0,20.0,20.0,20.0,9720,sao bernardo do campo,SP,64.79,1.0,credit_card,5.0,49.0,64.78999999999999,10.0,25,0,15.0,2018,1,Jan,1,5,2018-01,1,Saturday,5
b3fb87dd5ffb58351fd40c4f9fe03cdf,156a795ddee88514dace920fe888c46e,delivered,2018-06-19 00:26:23,2018-06-19 00:54:46,2018-06-19 16:16:00,2018-06-24 17:41:36,2018-07-11,1,d3e1006ba3735c0d44160026b6e0ced3,c003204e1ab016dfa150abc119207b24,2018-06-25 00:54:46,108.9,11.78,6c5ce6b9d419df2b111d90a6e85a10d6,SP,sao paulo,auto,1850.0,19.0,16.0,17.0,7790,cajamar,SP,120.68,2.0,credit_card,5.0,108.9,120.68,5.0,21,0,16.0,2018,6,Jun,2,1,2018-06,6,Tuesday,1
690199d6a2c51ff57c6b392d7680cbfd,19bacb562bd43bd4eaf05b6c0a59dad0,delivered,2018-03-16 11:31:18,2018-03-16 11:49:14,2018-03-19 19:56:23,2018-05-14 12:28:56,2018-04-11,1,75d6b6963340c6063f7f4cfcccfe6a30,cc419e0650a3c5ba77189a1882b7556a,2018-03-23 11:49:14,54.99,18.26,c5f01991eadc43c924dfd891e9026217,PR,alto sao joao,perfumery,400.0,18.0,11.0,20.0,9015,santo andre,SP,73.25,3.0,credit_card,5.0,54.99,73.25,59.0,25,1,-34.0,2018,3,Mar,1,4,2018-03,3,Friday,4
56ecd129e9283080044e40f77065b350,a57a381a12573edc7711887551fc961c,delivered,2017-10-12 23:11:44,2017-10-14 03:46:18,2017-10-16 21:07:52,2017-10-26 19:09:48,2017-11-01,1,c7f8c040002615c99a0aa2ddec4c41e6,4371b634e0efc0e22b09b52907d9d469,2017-10-19 04:46:18,72.0,14.25,e08869b13b8407ac7473e5bd5f534d2a,ES,serra,sports_leisure,300.0,27.0,9.0,14.0,2028,sao paulo,SP,86.25,1.0,boleto,4.0,72.0,86.25,13.0,19,0,6.0,2017,10,Oct,4,3,2017-10,10,Thursday,3
3b881091c6fc2687191b01c705287c13,f31eb05ebdef1ede72cebeba759e7c92,delivered,2018-08-06 22:25:10,2018-08-06 22:45:09,2018-08-08 15:01:00,2018-08-15 20:38:36,2018-08-27,1,e7cc48a9daff5436f63d3aad9426f28b,53243585a1d6dc2643021fd1853d8905,2018-08-12 22:45:09,170.0,19.34,23c033f6c75a249727d9fdd366352b97,ES,cariacica,telephony,700.0,32.0,15.0,21.0,42738,lauro de freitas,BA,189.34,10.0,credit_card,5.0,170.0,189.34,8.0,20,0,12.0,2018,8,Aug,3,0,2018-08,8,Monday,0
86f408a9212aebbcddb41c1e8c65ebe0,a81e8424b6bfd433cfef8d7bcb36b26d,delivered,2018-06-16 18:31:23,2018-06-16 18:57:30,2018-06-19 15:10:00,2018-06-21 17:48:49,2018-06-29,1,e9e7c986c179d190220afed62bbfd79b,ea8482cd71df3c1969d7b9473ff13abc,2018-06-20 18:57:30,27.99,7.46,f609af8564851374ca7b2b8a846864dd,SP,sao paulo,telephony,300.0,17.0,4.0,12.0,4160,sao paulo,SP,35.45,3.0,credit_card,4.0,27.99,35.45,4.0,12,0,8.0,2018,6,Jun,2,5,2018-06,6,Saturday,5
1cb6cfd9e6306cfe607017391834999a,05aa1cdcd7c5f9e297b3b5d89ae5e1df,delivered,2017-04-29 20:09:24,2017-04-29 20:22:41,2017-05-11 14:57:53,2017-05-24 12:59:33,2017-06-27,1,1c99a6128a79a5fb5a34c1c6b3be9067,7142540dd4c91e2237acb7e911c4eba2,2017-05-16 20:22:41,74.9,30.47,c18a7f19c5bb90e5eade2d61849812a8,CE,fortaleza,fashion_shoes,900.0,22.0,12.0,33.0,16301,penapolis,SP,208.7,2.0,credit_card,5.0,74.9,105.37,24.0,58,0,34.0,2017,4,Apr,2,5,2017-04,4,Saturday,5
1cb6cfd9e6306cfe607017391834999a,05aa1cdcd7c5f9e297b3b5d89ae5e1df,delivered,2017-04-29 20:09:24,2017-04-29 20:22:41,2017-05-11 14:57:53,2017-05-24 12:59:33,2017-06-27,2,6f2c108731ef77738da45855e737c1bd,7142540dd4c91e2237acb7e911c4eba2,2017-05-16 20:22:41,74.9,28.43,c18a7f19c5bb90e5eade2d61849812a8,CE,fortaleza,fashion_shoes,1400.0,22.0,12.0,33.0,16301,penapolis,SP,208.7,2.0,credit_card,5.0,74.9,103.33,24.0,58,0,34.0,2017,4,Apr,2,5,2017-04,4,Saturday,5
6c2953724cd30669e1b904e179a2346f,f5b92e56a780e1573737b5ad7d15ab19,delivered,2018-02-17 10:33:27,2018-02-17 10:49:50,2018-02-20 00:09:19,2018-03-12 12:53:26,2018-03-22,1,2f5e485bacfeb554bec55cd497c9bc51,4830e40640734fc1c52cd21127c341d4,2018-02-22 09:49:50,49.99,16.79,16b2beb51d51f455428a8865562fc89e,MT,castanheira,housewares,236.0,23.0,14.0,16.0,3573,sao paulo,SP,66.78,1.0,credit_card,5.0,49.99,66.78,23.0,32,0,9.0,2018,2,Feb,1,5,2018-02,2,Saturday,5
567653c46861b54519b6f4cdee500f0a,5471b1f70a167766bc7eb4ed0f4d1b8d,delivered,2018-08-01 17:57:54,2018-08-01 18:31:26,2018-08-06 15:02:00,2018-08-10 20:34:56,2018-08-24,1,87d6047f661dc87643c40612a6eff3b3,4a1f694197d05fe70026b016a7316b41,2018-08-06 18:10:20,42.99,27.07,1d94328e99e3a20baebf58fbdf717dea,RN,natal,furniture_decor,1150.0,25.0,23.0,25.0,13920,pedreira,SP,70.06,1.0,credit_card,5.0,42.99,70.06,9.0,22,0,13.0,2018,8,Aug,3,2,2018-08,8,Wednesday,2
7b58fca3faf09217a36d5febee5739a5,0966fbba1c0e8c5e26e31166c2fd3ce8,delivered,2018-03-04 22:59:50,2018-03-04 23:15:32,2018-03-06 16:49:08,2018-04-12 21:04:01,2018-03-28,1,b8a0d73b2a06e7910d9864dccdb0cda2,620c87c171fb2a6dd6e8bb4dec959fc6,2018-03-08 23:15:32,59.9,16.86,80c005e764b7eb039df094f0c3e22c70,GO,goiania,health_beauty,371.0,20.0,16.0,16.0,25645,petropolis,RJ,76.76,3.0,credit_card,3.0,59.9,76.75999999999999,38.0,23,1,-15.0,2018,3,Mar,1,6,2018-03,3,Sunday,6
f30607daae66843552e00843c6de88ef,8e1769459d9b9a9989799f6c79a4a663,delivered,2018-02-21 13:18:37,2018-02-23 02:31:22,2018-03-05 23:44:55,2018-04-12 11:36:51,2018-03-27,1,aed75ad669fbebd5a385ac7cc2ae7573,17f51e7198701186712e53a39c564617,2018-03-12 02:31:06,550.0,145.99,1b1819e5da72c7a8c26b2e46aeeac553,RJ,natividade,health_beauty,30000.0,50.0,75.0,56.0,3908,sao paulo,SP,695.99,1.0,boleto,1.0,550.0,695.99,49.0,33,1,-16.0,2018,2,Feb,1,2,2018-02,2,Wednesday,2
4207ad8e0e4e4070f271c930d25f72d7,2d2b1b42705b2f080c47fb2c46db46f6,delivered,2017-10-09 19:42:43,2017-10-10 23:09:18,2017-10-13 13:59:11,2017-10-23 19:23:48,2017-10-31,1,368c6c730842d78016ad823897a372db,1f50f920176fa81dab994f9023523100,2017-10-18 00:09:13,59.9,17.67,f1097c9562bd8f87de1e69c30b3b08eb,PR,paranagua,garden_tools,1650.0,30.0,22.0,30.0,15025,sao jose do rio preto,SP,155.14,4.0,credit_card,1.0,59.9,77.57,13.0,21,0,8.0,2017,10,Oct,4,0,2017-10,10,Monday,0
4207ad8e0e4e4070f271c930d25f72d7,2d2b1b42705b2f080c47fb2c46db46f6,delivered,2017-10-09 19:42:43,2017-10-10 23:09:18,2017-10-13 13:59:11,2017-10-23 19:23:48,2017-10-31,2,368c6c730842d78016ad823897a372db,1f50f920176fa81dab994f9023523100,2017-10-18 00:09:13,59.9,17.67,f1097c9562bd8f87de1e69c30b3b08eb,PR,paranagua,garden_tools,1650.0,30.0,22.0,30.0,15025,sao jose do rio preto,SP,155.14,4.0,credit_card,1.0,59.9,77.57,13.0,21,0,8.0,2017,10,Oct,4,0,2017-10,10,Monday,0
4f7ce3efe568a5e57290a9fa3e45b1f5,2569d6c5ed547bf0feaf37e32677fdaa,delivered,2018-01-26 13:32:22,2018-01-26 13:52:07,2018-01-29 23:16:01,2018-03-08 11:15:57,2018-02-21,1,cb460986a447ed00da792526bf6189e4,ea566164622c6b439516ab18062c42cd,2018-02-01 13:52:07,1695.0,32.67,9fc8316f4c0d0601664216e0a9327ed5,PI,teresina,sports_leisure,340.0,18.0,13.0,16.0,5303,sao  paulo,SP,1727.67,10.0,credit_card,1.0,1695.0,1727.67,40.0,25,1,-15.0,2018,1,Jan,1,4,2018-01,1,Friday,4
